<eml:eml xmlns:eml="eml://ecoinformatics.org/eml-2.1.1"
	xmlns:md="eml://ecoinformatics.org/methods-2.1.1" 
	xmlns:proj="eml://ecoinformatics.org/project-2.1.1"
	xmlns:d="eml://ecoinformatics.org/dataset-2.1.1" 
	xmlns:res="eml://ecoinformatics.org/resource-2.1.1"
	xmlns:dc="http://purl.org/dc/terms/" 
	xmlns:xsi="http://www.w3.org/2001/XMLSchema-instance"
	xsi:schemaLocation="eml://ecoinformatics.org/eml-2.1.1 http://rs.gbif.org/schema/eml-gbif-profile/dev/eml.xsd"
	packageId="163:2017-09-14"
	system="catalogueoflife.org" 
	scope="system" 
	xml:lang="eng">
	<dataset>
		<alternateIdentifier system="catalogueoflife.org">163</alternateIdentifier>

		<title xml:lang="eng">The World List of Cycads, online edition in the Catalogue of Life</title>
		
		<creator>
			<organizationName>Species 2000 &amp; ITIS Catalogue of Life</organizationName>
			<address>
				<city>Leiden</city>
				<postalCode>2332 AA</postalCode>
				<country>NL</country>
			</address>
			<onlineUrl>http://www.catalogueoflife.org</onlineUrl>
		</creator>

		<metadataProvider>
			<organizationName>Species 2000 Secretariat</organizationName>
			<address>
				<city>Leiden</city>
				<postalCode>2332 AA</postalCode>
				<country>NL</country>
			</address>
			<onlineUrl>http://www.sp2000.org/</onlineUrl>
		</metadataProvider>

		<associatedParty>
			<individualName>
				<givenName></givenName>
				<surName>Calonje M., Stanberg L. &amp; Stevenson D. (eds)</surName>					
			</individualName>
			<role>editor</role>
		</associatedParty>
		
		<pubDate>2017-08-25</pubDate>

		<language>eng</language>
	
		<abstract>
			<para>The World List of Cycads is a working list of known cycad species names with the primary goal of providing reliable information on the taxonomy of cycads for use by researchers, conservation planners, and others. It is developed in close collaboration with world&amp;#039;s foremost cycad experts and published under the auspices of the IUCN&amp;#039;s Cycad Specialist Group. The printed edition is published in the proceedings of the International Conference of Cycad Biology, which is held every three years.</para>
		</abstract>
		
		<distribution scope="document">
			<online>
				<url function="information">http://cycadlist.org</url>
			</online>
		</distribution>
		
		<contact>
			<organizationName>Species 2000 Secretariat c/o Naturalis</organizationName>
			<address>
				<deliveryPoint>P.O. Box 9517</deliveryPoint>
				<city>Leiden</city>
				<postalCode>2332 AA</postalCode>
				<country>NL</country>
			</address>
			<phone>+31 71 7519362</phone>
			<electronicMailAddress>support@sp2000.org</electronicMailAddress>
		</contact>		
	</dataset>
	
	<additionalMetadata>
		<metadata>
			<gbif>
				<dateStamp>2017-09-14T09:48:42+02:00</dateStamp>
				<citation identifier="http://www.catalogueoflife.org/col/info/cite" >Species 2000 &amp; ITIS Catalogue of Life: 25th August 2017, The World List of Cycads</citation>
				<resourceLogoUrl>http://www.catalogueoflife.org/col/images/databases/The_World_List_of_Cycads.png</resourceLogoUrl>
			</gbif>
			
			<sourceDatabase>
				<abbreviatedName>The World List of Cycads</abbreviatedName>
				<authorsAndEditors>Calonje M., Stanberg L. &amp; Stevenson D. (eds)</authorsAndEditors>
				<version>Jun 2015</version>
			</sourceDatabase>
		</metadata>
	</additionalMetadata>
</eml:eml>
