<eml:eml xmlns:eml="eml://ecoinformatics.org/eml-2.1.1"
	xmlns:md="eml://ecoinformatics.org/methods-2.1.1" 
	xmlns:proj="eml://ecoinformatics.org/project-2.1.1"
	xmlns:d="eml://ecoinformatics.org/dataset-2.1.1" 
	xmlns:res="eml://ecoinformatics.org/resource-2.1.1"
	xmlns:dc="http://purl.org/dc/terms/" 
	xmlns:xsi="http://www.w3.org/2001/XMLSchema-instance"
	xsi:schemaLocation="eml://ecoinformatics.org/eml-2.1.1 http://rs.gbif.org/schema/eml-gbif-profile/dev/eml.xsd"
	packageId="101:2017-09-14"
	system="catalogueoflife.org" 
	scope="system" 
	xml:lang="eng">
	<dataset>
		<alternateIdentifier system="catalogueoflife.org">101</alternateIdentifier>

		<title xml:lang="eng">Systema Dipterorum in the Catalogue of Life</title>
		
		<creator>
			<organizationName>Species 2000 &amp; ITIS Catalogue of Life</organizationName>
			<address>
				<city>Leiden</city>
				<postalCode>2332 AA</postalCode>
				<country>NL</country>
			</address>
			<onlineUrl>http://www.catalogueoflife.org</onlineUrl>
		</creator>

		<metadataProvider>
			<organizationName>Species 2000 Secretariat</organizationName>
			<address>
				<city>Leiden</city>
				<postalCode>2332 AA</postalCode>
				<country>NL</country>
			</address>
			<onlineUrl>http://www.sp2000.org/</onlineUrl>
		</metadataProvider>

		<associatedParty>
			<individualName>
				<givenName></givenName>
				<surName>Pape T. &amp; Thompson F.C. (eds)</surName>					
			</individualName>
			<role>editor</role>
		</associatedParty>
		
		<pubDate>2017-08-25</pubDate>

		<language>eng</language>
	
		<abstract>
			<para>Systema Dipterorum* provides a comprehensive, online portal to knowledge about flies as well as a framework for organizing and integrating future data and knowledge. More than 150,000 extant species of Diptera have been described under &amp;gt;250,000 names. Systema Dipterorum contains an estimated 99% of all names in Diptera, but only about 10% of these have been peer reviewed. Systema Dipterorum provides a synonymic checklist to enable the user to find the correct name and basic nomenclatural data for each nominal dipteran taxon. Complete documentation on Systema Dipterorum, its sources, standards, status, and structure, is provided online.
* Systema Dipterorum replaces the former BDWD (Biosystematic Database of World Diptera) used in the 2005-2010 Annual Checklists.</para>
		</abstract>
		
		<distribution scope="document">
			<online>
				<url function="information">http://www.diptera.org</url>
			</online>
		</distribution>
		
		<contact>
			<organizationName>Species 2000 Secretariat c/o Naturalis</organizationName>
			<address>
				<deliveryPoint>P.O. Box 9517</deliveryPoint>
				<city>Leiden</city>
				<postalCode>2332 AA</postalCode>
				<country>NL</country>
			</address>
			<phone>+31 71 7519362</phone>
			<electronicMailAddress>support@sp2000.org</electronicMailAddress>
		</contact>		
	</dataset>
	
	<additionalMetadata>
		<metadata>
			<gbif>
				<dateStamp>2017-09-14T09:27:18+02:00</dateStamp>
				<citation identifier="http://www.catalogueoflife.org/col/info/cite" >Species 2000 &amp; ITIS Catalogue of Life: 25th August 2017, Systema Dipterorum</citation>
				<resourceLogoUrl>http://www.catalogueoflife.org/col/images/databases/Systema_Dipterorum.png</resourceLogoUrl>
			</gbif>
			
			<sourceDatabase>
				<abbreviatedName>Systema Dipterorum</abbreviatedName>
				<authorsAndEditors>Pape T. &amp; Thompson F.C. (eds)</authorsAndEditors>
				<version>2.0, Jan 2011</version>
			</sourceDatabase>
		</metadata>
	</additionalMetadata>
</eml:eml>
