<eml:eml xmlns:eml="eml://ecoinformatics.org/eml-2.1.1"
	xmlns:md="eml://ecoinformatics.org/methods-2.1.1" 
	xmlns:proj="eml://ecoinformatics.org/project-2.1.1"
	xmlns:d="eml://ecoinformatics.org/dataset-2.1.1" 
	xmlns:res="eml://ecoinformatics.org/resource-2.1.1"
	xmlns:dc="http://purl.org/dc/terms/" 
	xmlns:xsi="http://www.w3.org/2001/XMLSchema-instance"
	xsi:schemaLocation="eml://ecoinformatics.org/eml-2.1.1 http://rs.gbif.org/schema/eml-gbif-profile/dev/eml.xsd"
	packageId="84:2017-09-13"
	system="catalogueoflife.org" 
	scope="system" 
	xml:lang="eng">
	<dataset>
		<alternateIdentifier system="catalogueoflife.org">84</alternateIdentifier>

		<title xml:lang="eng">3i Typhlocybinae: 3i interactive keys and taxonomic databases, subfamily Typhlocybinae in the Catalogue of Life</title>
		
		<creator>
			<organizationName>Species 2000 &amp; ITIS Catalogue of Life</organizationName>
			<address>
				<city>Leiden</city>
				<postalCode>2332 AA</postalCode>
				<country>NL</country>
			</address>
			<onlineUrl>http://www.catalogueoflife.org</onlineUrl>
		</creator>

		<metadataProvider>
			<organizationName>Species 2000 Secretariat</organizationName>
			<address>
				<city>Leiden</city>
				<postalCode>2332 AA</postalCode>
				<country>NL</country>
			</address>
			<onlineUrl>http://www.sp2000.org/</onlineUrl>
		</metadataProvider>

		<associatedParty>
			<individualName>
				<givenName></givenName>
				<surName>Dmitriev D. </surName>					
			</individualName>
			<role>editor</role>
		</associatedParty>
		
		<pubDate>2017-08-25</pubDate>

		<language>eng</language>
	
		<abstract>
			<para>Typhlocybinae is the second largest subfamily of leafhoppers, comprising tiny delicate mesophyll-feeding insects. The checklist was generated from the 3i database which provides information on all species, including descriptive, distributional and host plant data, and literature references. 3i (Internet-accessible Interactive Identification) is a set of software tools for creating on-line identification keys, taxonomic databases, and virtual taxonomic revisions. </para>
		</abstract>
		
		<distribution scope="document">
			<online>
				<url function="information">http://dmitriev.speciesfile.org/3i.asp</url>
			</online>
		</distribution>
		
		<contact>
			<organizationName>Species 2000 Secretariat c/o Naturalis</organizationName>
			<address>
				<deliveryPoint>P.O. Box 9517</deliveryPoint>
				<city>Leiden</city>
				<postalCode>2332 AA</postalCode>
				<country>NL</country>
			</address>
			<phone>+31 71 7519362</phone>
			<electronicMailAddress>support@sp2000.org</electronicMailAddress>
		</contact>		
	</dataset>
	
	<additionalMetadata>
		<metadata>
			<gbif>
				<dateStamp>2017-09-13T15:17:13+02:00</dateStamp>
				<citation identifier="http://www.catalogueoflife.org/col/info/cite" >Species 2000 &amp; ITIS Catalogue of Life: 25th August 2017, 3i Typhlocybinae</citation>
				<resourceLogoUrl>http://www.catalogueoflife.org/col/images/databases/3i_Typhlocybinae.png</resourceLogoUrl>
			</gbif>
			
			<sourceDatabase>
				<abbreviatedName>3i Typhlocybinae</abbreviatedName>
				<authorsAndEditors>Dmitriev D. </authorsAndEditors>
				<version>Jan 2017</version>
			</sourceDatabase>
		</metadata>
	</additionalMetadata>
</eml:eml>
