<eml:eml xmlns:eml="eml://ecoinformatics.org/eml-2.1.1"
	xmlns:md="eml://ecoinformatics.org/methods-2.1.1" 
	xmlns:proj="eml://ecoinformatics.org/project-2.1.1"
	xmlns:d="eml://ecoinformatics.org/dataset-2.1.1" 
	xmlns:res="eml://ecoinformatics.org/resource-2.1.1"
	xmlns:dc="http://purl.org/dc/terms/" 
	xmlns:xsi="http://www.w3.org/2001/XMLSchema-instance"
	xsi:schemaLocation="eml://ecoinformatics.org/eml-2.1.1 http://rs.gbif.org/schema/eml-gbif-profile/dev/eml.xsd"
	packageId="34:2017-09-14"
	system="catalogueoflife.org" 
	scope="system" 
	xml:lang="eng">
	<dataset>
		<alternateIdentifier system="catalogueoflife.org">34</alternateIdentifier>

		<title xml:lang="eng">UCD: Universal Chalcidoidea Database in the Catalogue of Life</title>
		
		<creator>
			<organizationName>Species 2000 &amp; ITIS Catalogue of Life</organizationName>
			<address>
				<city>Leiden</city>
				<postalCode>2332 AA</postalCode>
				<country>NL</country>
			</address>
			<onlineUrl>http://www.catalogueoflife.org</onlineUrl>
		</creator>

		<metadataProvider>
			<organizationName>Species 2000 Secretariat</organizationName>
			<address>
				<city>Leiden</city>
				<postalCode>2332 AA</postalCode>
				<country>NL</country>
			</address>
			<onlineUrl>http://www.sp2000.org/</onlineUrl>
		</metadataProvider>

		<associatedParty>
			<individualName>
				<givenName></givenName>
				<surName>Noyes J.</surName>					
			</individualName>
			<role>editor</role>
		</associatedParty>
		
		<pubDate>2017-08-25</pubDate>

		<language>eng</language>
	
		<abstract>
			<para>Work on the Universal Chalcidoidea Database was started, with the help of small grants from Unilever and Tate &amp;amp; Lyle plc, in August 1991 with the aim of making it freely available in electronic format. The Chalcidoidea is a large group of insects, currently numbering about 23,000 species, many of which have an important impact on major ecosystems and are frequently used for the biocontrol of insect pests. The database is intended to provide comprehensive information on the taxonomy, biology and distribution of all included species.</para>
		</abstract>
		
		<distribution scope="document">
			<online>
				<url function="information">http://www.nhm.ac.uk/entomology/chalcidoids</url>
			</online>
		</distribution>
		
		<contact>
			<organizationName>Species 2000 Secretariat c/o Naturalis</organizationName>
			<address>
				<deliveryPoint>P.O. Box 9517</deliveryPoint>
				<city>Leiden</city>
				<postalCode>2332 AA</postalCode>
				<country>NL</country>
			</address>
			<phone>+31 71 7519362</phone>
			<electronicMailAddress>support@sp2000.org</electronicMailAddress>
		</contact>		
	</dataset>
	
	<additionalMetadata>
		<metadata>
			<gbif>
				<dateStamp>2017-09-14T09:58:27+02:00</dateStamp>
				<citation identifier="http://www.catalogueoflife.org/col/info/cite" >Species 2000 &amp; ITIS Catalogue of Life: 25th August 2017, UCD</citation>
				<resourceLogoUrl>http://www.catalogueoflife.org/col/images/databases/UCD.png</resourceLogoUrl>
			</gbif>
			
			<sourceDatabase>
				<abbreviatedName>UCD</abbreviatedName>
				<authorsAndEditors>Noyes J.</authorsAndEditors>
				<version>Sep 2007</version>
			</sourceDatabase>
		</metadata>
	</additionalMetadata>
</eml:eml>
