<eml:eml xmlns:eml="eml://ecoinformatics.org/eml-2.1.1"
	xmlns:md="eml://ecoinformatics.org/methods-2.1.1" 
	xmlns:proj="eml://ecoinformatics.org/project-2.1.1"
	xmlns:d="eml://ecoinformatics.org/dataset-2.1.1" 
	xmlns:res="eml://ecoinformatics.org/resource-2.1.1"
	xmlns:dc="http://purl.org/dc/terms/" 
	xmlns:xsi="http://www.w3.org/2001/XMLSchema-instance"
	xsi:schemaLocation="eml://ecoinformatics.org/eml-2.1.1 http://rs.gbif.org/schema/eml-gbif-profile/dev/eml.xsd"
	packageId="43:2017-09-13"
	system="catalogueoflife.org" 
	scope="system" 
	xml:lang="eng">
	<dataset>
		<alternateIdentifier system="catalogueoflife.org">43</alternateIdentifier>

		<title xml:lang="eng">LecyPages: The Lecythidaceae Pages in the Catalogue of Life</title>
		
		<creator>
			<organizationName>Species 2000 &amp; ITIS Catalogue of Life</organizationName>
			<address>
				<city>Leiden</city>
				<postalCode>2332 AA</postalCode>
				<country>NL</country>
			</address>
			<onlineUrl>http://www.catalogueoflife.org</onlineUrl>
		</creator>

		<metadataProvider>
			<organizationName>Species 2000 Secretariat</organizationName>
			<address>
				<city>Leiden</city>
				<postalCode>2332 AA</postalCode>
				<country>NL</country>
			</address>
			<onlineUrl>http://www.sp2000.org/</onlineUrl>
		</metadataProvider>

		<associatedParty>
			<individualName>
				<givenName></givenName>
				<surName>Mori S.A., Prance G.T. &amp; Tulig M.</surName>					
			</individualName>
			<role>editor</role>
		</associatedParty>
		
		<pubDate>2017-08-25</pubDate>

		<language>eng</language>
	
		<abstract>
			<para>The Lecythidaceae is a family of tropical trees found in Africa, Madagascar, Southeast Asia, and the New World tropics. It reaches its greatest diversity in the Neotropics and is best known for the Brazil nut of commerce (Bertholletia excelsa) and the cannon-ball tree (Couroupita guianensis). The latter species, although native to the Neotropics, is planted as an ornamental and botanical curiosity in subtropical and tropical botanical gardens throughout the world. The database includes all names in the family with the status (accepted or unaccepted) and synonymy provided for each name. The names have been abstracted from the most recent monographs of the family. A more comprehensive database, especially of the New World species, is found as part of the Virtual Herbarium of The New York Botanical Garden.</para>
		</abstract>
		
		<distribution scope="document">
			<online>
				<url function="information">http://sweetgum.nybg.org/lp</url>
			</online>
		</distribution>
		
		<contact>
			<organizationName>Species 2000 Secretariat c/o Naturalis</organizationName>
			<address>
				<deliveryPoint>P.O. Box 9517</deliveryPoint>
				<city>Leiden</city>
				<postalCode>2332 AA</postalCode>
				<country>NL</country>
			</address>
			<phone>+31 71 7519362</phone>
			<electronicMailAddress>support@sp2000.org</electronicMailAddress>
		</contact>		
	</dataset>
	
	<additionalMetadata>
		<metadata>
			<gbif>
				<dateStamp>2017-09-13T16:41:39+02:00</dateStamp>
				<citation identifier="http://www.catalogueoflife.org/col/info/cite" >Species 2000 &amp; ITIS Catalogue of Life: 25th August 2017, LecyPages</citation>
				<resourceLogoUrl>http://www.catalogueoflife.org/col/images/databases/LecyPages.png</resourceLogoUrl>
			</gbif>
			
			<sourceDatabase>
				<abbreviatedName>LecyPages</abbreviatedName>
				<authorsAndEditors>Mori S.A., Prance G.T. &amp; Tulig M.</authorsAndEditors>
				<version>Oct 2006</version>
			</sourceDatabase>
		</metadata>
	</additionalMetadata>
</eml:eml>
