<eml:eml xmlns:eml="eml://ecoinformatics.org/eml-2.1.1"
	xmlns:md="eml://ecoinformatics.org/methods-2.1.1" 
	xmlns:proj="eml://ecoinformatics.org/project-2.1.1"
	xmlns:d="eml://ecoinformatics.org/dataset-2.1.1" 
	xmlns:res="eml://ecoinformatics.org/resource-2.1.1"
	xmlns:dc="http://purl.org/dc/terms/" 
	xmlns:xsi="http://www.w3.org/2001/XMLSchema-instance"
	xsi:schemaLocation="eml://ecoinformatics.org/eml-2.1.1 http://rs.gbif.org/schema/eml-gbif-profile/dev/eml.xsd"
	packageId="53:2018-02-07"
	system="catalogueoflife.org" 
	scope="system" 
	xml:lang="eng">
	<dataset>
		<alternateIdentifier system="catalogueoflife.org">53</alternateIdentifier>

		<title xml:lang="eng">Nomen.eumycetozoa.com: An online nomenclatural information system of Eumycetozoa in the Catalogue of Life</title>
		
		<creator>
			<organizationName>Species 2000 &amp; ITIS Catalogue of Life</organizationName>
			<address>
				<city>Leiden</city>
				<postalCode>2332 AA</postalCode>
				<country>NL</country>
			</address>
			<onlineUrl>http://www.catalogueoflife.org</onlineUrl>
		</creator>

		<metadataProvider>
			<organizationName>Species 2000 Secretariat</organizationName>
			<address>
				<city>Leiden</city>
				<postalCode>2332 AA</postalCode>
				<country>NL</country>
			</address>
			<onlineUrl>http://www.sp2000.org/</onlineUrl>
		</metadataProvider>

		<associatedParty>
			<individualName>
				<givenName></givenName>
				<surName>Lado C. &amp; Hernández-Crespo J.C.</surName>					
			</individualName>
			<role>editor</role>
		</associatedParty>
		
		<pubDate>1970-01-01</pubDate>

		<language>eng</language>
	
		<abstract>
			<para>Eumycetozoa.com is an on-line taxonomic checklist and nomenclatural information system of the Eumycetozoans of the world (Myxomycetes, Dictyostelids and Protostelids). It provides information on 1,111 species, 2,260 synonyms and 949 invalid or doubtful names employed in this group. The database can be searched by different ranks; it can show the history of the name, all synonyms of the species, taxonomic views in different publications, or the single view of the Eumycetozoa.com editors.</para>
		</abstract>
		
		<distribution scope="document">
			<online>
				<url function="information">http://www.nomen.eumycetozoa.com</url>
			</online>
		</distribution>
		
		<contact>
			<organizationName>Species 2000 Secretariat c/o Naturalis</organizationName>
			<address>
				<deliveryPoint>P.O. Box 9517</deliveryPoint>
				<city>Leiden</city>
				<postalCode>2332 AA</postalCode>
				<country>NL</country>
			</address>
			<phone>+31 71 7519362</phone>
			<electronicMailAddress>support@sp2000.org</electronicMailAddress>
		</contact>		
	</dataset>
	
	<additionalMetadata>
		<metadata>
			<gbif>
				<dateStamp>2018-02-07T20:53:27+01:00</dateStamp>
				<citation identifier="http://www.catalogueoflife.org/col/info/cite" >Species 2000 &amp; ITIS Catalogue of Life: XXth February 2018, Nomen.eumycetozoa.com</citation>
				<resourceLogoUrl>http://www.catalogueoflife.org/col/images/databases/Nomen.eumycetozoa.com.png</resourceLogoUrl>
			</gbif>
			
			<sourceDatabase>
				<abbreviatedName>Nomen.eumycetozoa.com</abbreviatedName>
				<authorsAndEditors>Lado C. &amp; Hernández-Crespo J.C.</authorsAndEditors>
				<version>Jan 2017</version>
			</sourceDatabase>
		</metadata>
	</additionalMetadata>
</eml:eml>
