<eml:eml xmlns:eml="eml://ecoinformatics.org/eml-2.1.1"
	xmlns:md="eml://ecoinformatics.org/methods-2.1.1" 
	xmlns:proj="eml://ecoinformatics.org/project-2.1.1"
	xmlns:d="eml://ecoinformatics.org/dataset-2.1.1" 
	xmlns:res="eml://ecoinformatics.org/resource-2.1.1"
	xmlns:dc="http://purl.org/dc/terms/" 
	xmlns:xsi="http://www.w3.org/2001/XMLSchema-instance"
	xsi:schemaLocation="eml://ecoinformatics.org/eml-2.1.1 http://rs.gbif.org/schema/eml-gbif-profile/dev/eml.xsd"
	packageId="121:2017-09-13"
	system="catalogueoflife.org" 
	scope="system" 
	xml:lang="eng">
	<dataset>
		<alternateIdentifier system="catalogueoflife.org">121</alternateIdentifier>

		<title xml:lang="eng">Catalogue of Life China in the Catalogue of Life</title>
		
		<creator>
			<organizationName>Species 2000 &amp; ITIS Catalogue of Life</organizationName>
			<address>
				<city>Leiden</city>
				<postalCode>2332 AA</postalCode>
				<country>NL</country>
			</address>
			<onlineUrl>http://www.catalogueoflife.org</onlineUrl>
		</creator>

		<metadataProvider>
			<organizationName>Species 2000 Secretariat</organizationName>
			<address>
				<city>Leiden</city>
				<postalCode>2332 AA</postalCode>
				<country>NL</country>
			</address>
			<onlineUrl>http://www.sp2000.org/</onlineUrl>
		</metadataProvider>

		<associatedParty>
			<individualName>
				<givenName></givenName>
				<surName>Ma K., Ji L., Qin H., Liu J.Y., Yao Y., Lin C., Yan H., Wang L., Qiao H. &amp; Li R. (eds)</surName>					
			</individualName>
			<role>editor</role>
		</associatedParty>
		
		<pubDate>2017-08-25</pubDate>

		<language>eng</language>
	
		<abstract>
			<para>The Catalogue of Life China aims to collect basic information on all species occur in China including plants, animals, microorganisms and viruses. The CoL China is available online at www.sp2000.cn and as an annual CD edition. The Catalogue of Life China contributes batch of species from animalian classes Crinoidea, Bivalvia, Gastropoda, Adenophorea, Polychaeta, Malacostraca, Maxillopoda and Insecta (order Coleoptera); from plant phyla Bryophyta, Pteridophyta &amp;amp; Magnoliophyta; from chromistan phylum Labyrinthista and protozoan class Acantharia to fill temporarily gaps in global Catalogue of Life at lower levels of the taxonomic classification (e.g. species, genera).</para>
		</abstract>
		
		<distribution scope="document">
			<online>
				<url function="information">http://www.sp2000.cn/joaen/</url>
			</online>
		</distribution>
		
		<contact>
			<organizationName>Species 2000 Secretariat c/o Naturalis</organizationName>
			<address>
				<deliveryPoint>P.O. Box 9517</deliveryPoint>
				<city>Leiden</city>
				<postalCode>2332 AA</postalCode>
				<country>NL</country>
			</address>
			<phone>+31 71 7519362</phone>
			<electronicMailAddress>support@sp2000.org</electronicMailAddress>
		</contact>		
	</dataset>
	
	<additionalMetadata>
		<metadata>
			<gbif>
				<dateStamp>2017-09-13T15:35:35+02:00</dateStamp>
				<citation identifier="http://www.catalogueoflife.org/col/info/cite" >Species 2000 &amp; ITIS Catalogue of Life: 25th August 2017, CoL China</citation>
				<resourceLogoUrl>http://www.catalogueoflife.org/col/images/databases/CoL_China.png</resourceLogoUrl>
			</gbif>
			
			<sourceDatabase>
				<abbreviatedName>CoL China</abbreviatedName>
				<authorsAndEditors>Ma K., Ji L., Qin H., Liu J.Y., Yao Y., Lin C., Yan H., Wang L., Qiao H. &amp; Li R. (eds)</authorsAndEditors>
				<version>2012</version>
			</sourceDatabase>
		</metadata>
	</additionalMetadata>
</eml:eml>
