<eml:eml xmlns:eml="eml://ecoinformatics.org/eml-2.1.1"
	xmlns:md="eml://ecoinformatics.org/methods-2.1.1" 
	xmlns:proj="eml://ecoinformatics.org/project-2.1.1"
	xmlns:d="eml://ecoinformatics.org/dataset-2.1.1" 
	xmlns:res="eml://ecoinformatics.org/resource-2.1.1"
	xmlns:dc="http://purl.org/dc/terms/" 
	xmlns:xsi="http://www.w3.org/2001/XMLSchema-instance"
	xsi:schemaLocation="eml://ecoinformatics.org/eml-2.1.1 http://rs.gbif.org/schema/eml-gbif-profile/dev/eml.xsd"
	packageId="157:2017-09-14"
	system="catalogueoflife.org" 
	scope="system" 
	xml:lang="eng">
	<dataset>
		<alternateIdentifier system="catalogueoflife.org">157</alternateIdentifier>

		<title xml:lang="eng">WoRMS Foraminifera: World Foraminifera Database in the Catalogue of Life</title>
		
		<creator>
			<organizationName>Species 2000 &amp; ITIS Catalogue of Life</organizationName>
			<address>
				<city>Leiden</city>
				<postalCode>2332 AA</postalCode>
				<country>NL</country>
			</address>
			<onlineUrl>http://www.catalogueoflife.org</onlineUrl>
		</creator>

		<metadataProvider>
			<organizationName>Species 2000 Secretariat</organizationName>
			<address>
				<city>Leiden</city>
				<postalCode>2332 AA</postalCode>
				<country>NL</country>
			</address>
			<onlineUrl>http://www.sp2000.org/</onlineUrl>
		</metadataProvider>

		<associatedParty>
			<individualName>
				<givenName></givenName>
				<surName>Hayward B.W., Le Coze F., Gross O. .</surName>					
			</individualName>
			<role>editor</role>
		</associatedParty>
		
		<pubDate>2017-08-25</pubDate>

		<language>eng</language>
	
		<abstract>
			<para>This World Database of all species of Foraminifera ever described, is part of the World Register of Marine Species (WoRMS), a global initiative to provide a register of all marine organisms.  Foraminifera (‘hole bearers’) or forams for short, are a large phylum of amoeboid protozoans (single celled) with reticulating pseudopods, fine strands of cytoplasm that branch and merge to form a dynamic net. They usually produce a test (or shell) which can have one or more chambers, and are made of calcium carbonate (CaCO3) or mineral grains or other particles glued together. The tests are usually less than 0.5 mm in size, but the largest can be up to 20 cm across. Foraminifera are among the most abundant and scientifically important groups of marine organisms. The tests of recently dead planktic foraminifera are so abundant that they form a thick blanket over one third of the surface of the Earth (as Globigerina ooze on the ocean floor). Foraminifera are essentially marine- and estuarine-dwelling protozoans living in all environments from the greatest depths right up to highest astronomical tide level and from the equator to the poles.    The importance of foraminifera comes from the use of their fossil tests in biostratigraphy, paleoenvironmental studies, and isotope geochemistry. Their ubiquity in most marine sedimentary rocks, often as large, well-preserved, diverse assemblages, has resulted in their being the most studied group of fossils worldwide. Because modern foraminifera have attracted little interest from biologists, paleontologists have been forced to undertake most studies, including genetic research, on the living fauna.  This site has the following aims:      to provide a catalogue of the world&amp;#039;s foraminiferal species      to promote stability in foraminiferal nomenclature      to act as a tool for higher taxonomic revisions and regional monographs</para>
		</abstract>
		
		<distribution scope="document">
			<online>
				<url function="information">http://www.marinespecies.org/foraminifera</url>
			</online>
		</distribution>
		
		<contact>
			<organizationName>Species 2000 Secretariat c/o Naturalis</organizationName>
			<address>
				<deliveryPoint>P.O. Box 9517</deliveryPoint>
				<city>Leiden</city>
				<postalCode>2332 AA</postalCode>
				<country>NL</country>
			</address>
			<phone>+31 71 7519362</phone>
			<electronicMailAddress>support@sp2000.org</electronicMailAddress>
		</contact>		
	</dataset>
	
	<additionalMetadata>
		<metadata>
			<gbif>
				<dateStamp>2017-09-14T11:24:50+02:00</dateStamp>
				<citation identifier="http://www.catalogueoflife.org/col/info/cite" >Species 2000 &amp; ITIS Catalogue of Life: 25th August 2017, WoRMS Foraminifera</citation>
				<resourceLogoUrl>http://www.catalogueoflife.org/col/images/databases/WoRMS_Foraminifera.png</resourceLogoUrl>
			</gbif>
			
			<sourceDatabase>
				<abbreviatedName>WoRMS Foraminifera</abbreviatedName>
				<authorsAndEditors>Hayward B.W., Le Coze F., Gross O. .</authorsAndEditors>
				<version>2017-08-01</version>
			</sourceDatabase>
		</metadata>
	</additionalMetadata>
</eml:eml>
