<eml:eml xmlns:eml="eml://ecoinformatics.org/eml-2.1.1"
	xmlns:md="eml://ecoinformatics.org/methods-2.1.1" 
	xmlns:proj="eml://ecoinformatics.org/project-2.1.1"
	xmlns:d="eml://ecoinformatics.org/dataset-2.1.1" 
	xmlns:res="eml://ecoinformatics.org/resource-2.1.1"
	xmlns:dc="http://purl.org/dc/terms/" 
	xmlns:xsi="http://www.w3.org/2001/XMLSchema-instance"
	xsi:schemaLocation="eml://ecoinformatics.org/eml-2.1.1 http://rs.gbif.org/schema/eml-gbif-profile/dev/eml.xsd"
	packageId="103:2017-09-14"
	system="catalogueoflife.org" 
	scope="system" 
	xml:lang="eng">
	<dataset>
		<alternateIdentifier system="catalogueoflife.org">103</alternateIdentifier>

		<title xml:lang="eng">Strepsiptera Database: Global Strepsiptera Database in the Catalogue of Life</title>
		
		<creator>
			<organizationName>Species 2000 &amp; ITIS Catalogue of Life</organizationName>
			<address>
				<city>Leiden</city>
				<postalCode>2332 AA</postalCode>
				<country>NL</country>
			</address>
			<onlineUrl>http://www.catalogueoflife.org</onlineUrl>
		</creator>

		<metadataProvider>
			<organizationName>Species 2000 Secretariat</organizationName>
			<address>
				<city>Leiden</city>
				<postalCode>2332 AA</postalCode>
				<country>NL</country>
			</address>
			<onlineUrl>http://www.sp2000.org/</onlineUrl>
		</metadataProvider>

		<associatedParty>
			<individualName>
				<givenName></givenName>
				<surName>Kathirithamby J.</surName>					
			</individualName>
			<role>editor</role>
		</associatedParty>
		
		<pubDate>2017-08-25</pubDate>

		<language>eng</language>
	
		<abstract>
			<para>Strepsiptera database is a database on Strepsiptera  parasitoïd group. Strepsiptera (commonly known as twisted-winged parasites) is an order of holometabolous insects with twelve families (one fossil genus undescribed as a family), making up about six hundred species so far with several cryptic species to be described. The 1st instar larvae and the short-lived adult males are the only free-living stages (except in the family Mengenillidae). The larval stages and the neotenic females are endoparasites. The hosts include insects such as bees, wasps, leafhoppers, silverfish, cockroaches, grasshoppers, mantids, crickets and fruitflies.</para>
		</abstract>
		
		<distribution scope="document">
			<online>
				<url function="information">http://rameau.snv.jussieu.fr/cgi-bin/strepsiptera.pl</url>
			</online>
		</distribution>
		
		<contact>
			<organizationName>Species 2000 Secretariat c/o Naturalis</organizationName>
			<address>
				<deliveryPoint>P.O. Box 9517</deliveryPoint>
				<city>Leiden</city>
				<postalCode>2332 AA</postalCode>
				<country>NL</country>
			</address>
			<phone>+31 71 7519362</phone>
			<electronicMailAddress>support@sp2000.org</electronicMailAddress>
		</contact>		
	</dataset>
	
	<additionalMetadata>
		<metadata>
			<gbif>
				<dateStamp>2017-09-14T09:24:52+02:00</dateStamp>
				<citation identifier="http://www.catalogueoflife.org/col/info/cite" >Species 2000 &amp; ITIS Catalogue of Life: 25th August 2017, Strepsiptera Database</citation>
				<resourceLogoUrl>http://www.catalogueoflife.org/col/images/databases/Strepsiptera_Database.png</resourceLogoUrl>
			</gbif>
			
			<sourceDatabase>
				<abbreviatedName>Strepsiptera Database</abbreviatedName>
				<authorsAndEditors>Kathirithamby J.</authorsAndEditors>
				<version>May 2017</version>
			</sourceDatabase>
		</metadata>
	</additionalMetadata>
</eml:eml>
