<eml:eml xmlns:eml="eml://ecoinformatics.org/eml-2.1.1"
	xmlns:md="eml://ecoinformatics.org/methods-2.1.1" 
	xmlns:proj="eml://ecoinformatics.org/project-2.1.1"
	xmlns:d="eml://ecoinformatics.org/dataset-2.1.1" 
	xmlns:res="eml://ecoinformatics.org/resource-2.1.1"
	xmlns:dc="http://purl.org/dc/terms/" 
	xmlns:xsi="http://www.w3.org/2001/XMLSchema-instance"
	xsi:schemaLocation="eml://ecoinformatics.org/eml-2.1.1 http://rs.gbif.org/schema/eml-gbif-profile/dev/eml.xsd"
	packageId="46:2017-09-13"
	system="catalogueoflife.org" 
	scope="system" 
	xml:lang="eng">
	<dataset>
		<alternateIdentifier system="catalogueoflife.org">46</alternateIdentifier>

		<title xml:lang="eng">GloBIS (GART): Global Butterfly Information System in the Catalogue of Life</title>
		
		<creator>
			<organizationName>Species 2000 &amp; ITIS Catalogue of Life</organizationName>
			<address>
				<city>Leiden</city>
				<postalCode>2332 AA</postalCode>
				<country>NL</country>
			</address>
			<onlineUrl>http://www.catalogueoflife.org</onlineUrl>
		</creator>

		<metadataProvider>
			<organizationName>Species 2000 Secretariat</organizationName>
			<address>
				<city>Leiden</city>
				<postalCode>2332 AA</postalCode>
				<country>NL</country>
			</address>
			<onlineUrl>http://www.sp2000.org/</onlineUrl>
		</metadataProvider>

		<associatedParty>
			<individualName>
				<givenName></givenName>
				<surName>Häuser C., Holstein J., Kroupa A.S., Steiner A. &amp; Turiault M. (eds)</surName>					
			</individualName>
			<role>editor</role>
		</associatedParty>
		
		<pubDate>2017-08-25</pubDate>

		<language>eng</language>
	
		<abstract>
			<para>The GloBIS/GART database provides the taxonomic backbone for a global information system on butterflies. In addition to the data presented in the Catalogue of Life, the original GloBIS/GART database provides information about the type material such as type locality, status and current location of the type specimens and images, as well as the original and current taxonomic placement. Currently data for the families Papilionidae or &amp;quot;Swallowtails&amp;quot; (553 recognized species, more than 2,100 subordinate taxa), Pieridae or &amp;quot;Whites&amp;quot; (1,108 recognized species, more than 700 subordinate taxa), and Lycaenidae or &amp;quot;Hairstreaks, Blues, and Coppers&amp;quot; (10,879 entered species names, more than 2,000 subordinate taxa) are available, and other butterfly groups to follow.</para>
		</abstract>
		
		<distribution scope="document">
			<online>
				<url function="information">http://www.globis.insects-online.de/</url>
			</online>
		</distribution>
		
		<contact>
			<organizationName>Species 2000 Secretariat c/o Naturalis</organizationName>
			<address>
				<deliveryPoint>P.O. Box 9517</deliveryPoint>
				<city>Leiden</city>
				<postalCode>2332 AA</postalCode>
				<country>NL</country>
			</address>
			<phone>+31 71 7519362</phone>
			<electronicMailAddress>support@sp2000.org</electronicMailAddress>
		</contact>		
	</dataset>
	
	<additionalMetadata>
		<metadata>
			<gbif>
				<dateStamp>2017-09-13T16:01:15+02:00</dateStamp>
				<citation identifier="http://www.catalogueoflife.org/col/info/cite" >Species 2000 &amp; ITIS Catalogue of Life: 25th August 2017, GloBIS (GART)</citation>
				<resourceLogoUrl>http://www.catalogueoflife.org/col/images/databases/GloBIS_(GART).png</resourceLogoUrl>
			</gbif>
			
			<sourceDatabase>
				<abbreviatedName>GloBIS (GART)</abbreviatedName>
				<authorsAndEditors>Häuser C., Holstein J., Kroupa A.S., Steiner A. &amp; Turiault M. (eds)</authorsAndEditors>
				<version>Sep 2013</version>
			</sourceDatabase>
		</metadata>
	</additionalMetadata>
</eml:eml>
