<eml:eml xmlns:eml="eml://ecoinformatics.org/eml-2.1.1"
	xmlns:md="eml://ecoinformatics.org/methods-2.1.1" 
	xmlns:proj="eml://ecoinformatics.org/project-2.1.1"
	xmlns:d="eml://ecoinformatics.org/dataset-2.1.1" 
	xmlns:res="eml://ecoinformatics.org/resource-2.1.1"
	xmlns:dc="http://purl.org/dc/terms/" 
	xmlns:xsi="http://www.w3.org/2001/XMLSchema-instance"
	xsi:schemaLocation="eml://ecoinformatics.org/eml-2.1.1 http://rs.gbif.org/schema/eml-gbif-profile/dev/eml.xsd"
	packageId="51:2018-02-07"
	system="catalogueoflife.org" 
	scope="system" 
	xml:lang="eng">
	<dataset>
		<alternateIdentifier system="catalogueoflife.org">51</alternateIdentifier>

		<title xml:lang="eng">SF Cockroach: Cockroach Species File in the Catalogue of Life</title>
		
		<creator>
			<organizationName>Species 2000 &amp; ITIS Catalogue of Life</organizationName>
			<address>
				<city>Leiden</city>
				<postalCode>2332 AA</postalCode>
				<country>NL</country>
			</address>
			<onlineUrl>http://www.catalogueoflife.org</onlineUrl>
		</creator>

		<metadataProvider>
			<organizationName>Species 2000 Secretariat</organizationName>
			<address>
				<city>Leiden</city>
				<postalCode>2332 AA</postalCode>
				<country>NL</country>
			</address>
			<onlineUrl>http://www.sp2000.org/</onlineUrl>
		</metadataProvider>

		<associatedParty>
			<individualName>
				<givenName></givenName>
				<surName>Beccaloni G.W.</surName>					
			</individualName>
			<role>editor</role>
		</associatedParty>
		
		<pubDate>1970-01-01</pubDate>

		<language>eng</language>
	
		<abstract>
			<para>The Cockroach Species File is a new name for BlattodeaSF. It is an up-to-date taxonomic catalogue of the world&amp;#039;s cockroaches, excluding fossil species. Cockroaches belong to the order Blattodea (sometimes known as Blattaria) as too do the termites. In the past termites were thought to be a separate order, Isoptera, but recent work confirms that they are in fact blattodeans. The CockroachSF includes c. 6,700 scientific names (all ranks, valid and not valid) and c. 4,600 valid species are recognised. Images of museum specimens (especially types), plus pictures of living cockroaches are slowly being added.</para>
		</abstract>
		
		<distribution scope="document">
			<online>
				<url function="information">http://Cockroach.speciesfile.org</url>
			</online>
		</distribution>
		
		<contact>
			<organizationName>Species 2000 Secretariat c/o Naturalis</organizationName>
			<address>
				<deliveryPoint>P.O. Box 9517</deliveryPoint>
				<city>Leiden</city>
				<postalCode>2332 AA</postalCode>
				<country>NL</country>
			</address>
			<phone>+31 71 7519362</phone>
			<electronicMailAddress>support@sp2000.org</electronicMailAddress>
		</contact>		
	</dataset>
	
	<additionalMetadata>
		<metadata>
			<gbif>
				<dateStamp>2018-02-07T21:25:20+01:00</dateStamp>
				<citation identifier="http://www.catalogueoflife.org/col/info/cite" >Species 2000 &amp; ITIS Catalogue of Life: XXth February 2018, SF Cockroach</citation>
				<resourceLogoUrl>http://www.catalogueoflife.org/col/images/databases/SF_Cockroach.png</resourceLogoUrl>
			</gbif>
			
			<sourceDatabase>
				<abbreviatedName>SF Cockroach</abbreviatedName>
				<authorsAndEditors>Beccaloni G.W.</authorsAndEditors>
				<version>5.0, Dec 2017</version>
			</sourceDatabase>
		</metadata>
	</additionalMetadata>
</eml:eml>
