"AcceptedTaxonID"	"DistributionElement"	"StandardInUse"	"DistributionStatus"
"500330"	"Trinidad-Tobago"	"TDWGLevel4"	""
"500330"	"Texas"	"TDWGLevel4"	""
"500330"	"South Korea"	"TDWGLevel4"	""
"500330"	"Sierra Leone"	"TDWGLevel4"	""
"500330"	"Queensland"	"TDWGLevel4"	""
"500328"	"Maryland"	"TDWGLevel4"	""
"500328"	"Alabama"	"TDWGLevel4"	""
"500328"	"Uganda"	"TDWGLevel4"	""
"500326"	"Queensland"	"TDWGLevel4"	""
"500326"	"Fiji"	"TDWGLevel4"	""
"500326"	"Jawa"	"TDWGLevel4"	""
"500326"	"Hong Kong"	"TDWGLevel4"	""
"500326"	"Assam"	"TDWGLevel4"	""
"500326"	"Peninsular Malaysia"	"TDWGLevel4"	""
"500326"	"Sierra Leone"	"TDWGLevel4"	""
"500326"	"St.Lucia"	"TDWGLevel4"	""
"500326"	"Tanzania"	"TDWGLevel4"	""
"500326"	"West Bengal"	"TDWGLevel4"	""
"500326"	"Yunnan"	"TDWGLevel4"	""
"500326"	"Seychelles"	"TDWGLevel4"	""
"500326"	"Ghana"	"TDWGLevel4"	""
"500312"	"Hong Kong"	"TDWGLevel4"	""
"500312"	"Kenya"	"TDWGLevel4"	""
"500312"	"Northern Ireland"	"TDWGLevel4"	""
"500312"	"Madhya Pradesh"	"TDWGLevel4"	""
"500308"	"Victoria"	"TDWGLevel4"	""
"500308"	"Tasmania"	"TDWGLevel4"	""
"500308"	"New South Wales"	"TDWGLevel4"	""
"500308"	"Hong Kong"	"TDWGLevel4"	""
"500302"	"Zambia"	"TDWGLevel4"	""
"500302"	"West Bengal"	"TDWGLevel4"	""
"500302"	"Victoria"	"TDWGLevel4"	""
"500302"	"Tierra del Fuego (Argentina)"	"TDWGLevel4"	""
"500302"	"Queensland"	"TDWGLevel4"	""
"500302"	"Peninsular Malaysia"	"TDWGLevel4"	""
"500302"	"New Zealand North"	"TDWGLevel4"	""
"500302"	"Los Lagos"	"TDWGLevel4"	""
"500302"	"Kerala"	"TDWGLevel4"	""
"500302"	"Cuba"	"TDWGLevel4"	""
"500300"	"Tasmania"	"TDWGLevel4"	""
"500300"	"Peninsular Malaysia"	"TDWGLevel4"	""
"500300"	"West Bengal"	"TDWGLevel4"	""
"500300"	"Hong Kong"	"TDWGLevel4"	""
"500300"	"Victoria"	"TDWGLevel4"	""
"500299"	"Guyana"	"TDWGLevel4"	""
"500299"	"Sri Lanka"	"TDWGLevel4"	""
"500299"	"Sierra Leone"	"TDWGLevel4"	""
"500299"	"New Zealand North"	"TDWGLevel4"	""
"500299"	"Malawi"	"TDWGLevel4"	""
"491383"	"Great Britain"	"TDWGLevel4"	""
"488928"	"Germany"	"TDWGLevel4"	""
"488928"	"Northern Ireland"	"TDWGLevel4"	""
"488928"	"Ireland"	"TDWGLevel4"	""
"488928"	"Great Britain"	"TDWGLevel4"	""
"488680"	"Society Is."	"TDWGLevel4"	""
"488680"	"Lord Howe I."	"TDWGLevel4"	""
"488678"	"Great Britain"	"TDWGLevel4"	""
"488619"	"Canary Is."	"TDWGLevel4"	""
"488600"	"Papua New Guinea"	"TDWGLevel4"	""
"487976"	"Nigeria"	"TDWGLevel4"	""
"487976"	"La Araucania"	"TDWGLevel4"	""
"487976"	"Delhi"	"TDWGLevel4"	""
"487976"	"Tanzania"	"TDWGLevel4"	""
"487976"	"Sierra Leone"	"TDWGLevel4"	""
"487976"	"Sabah"	"TDWGLevel4"	""
"487976"	"Cameroon"	"TDWGLevel4"	""
"487973"	"Cuba"	"TDWGLevel4"	""
"487883"	"Great Britain"	"TDWGLevel4"	""
"487883"	"California"	"TDWGLevel4"	""
"484386"	"Cameroon"	"TDWGLevel4"	""
"482822"	"New York"	"TDWGLevel4"	""
"482812"	"New Zealand North"	"TDWGLevel4"	""
"477325"	"Philippines"	"TDWGLevel4"	""
"477320"	"Pakistan"	"TDWGLevel4"	""
"477312"	"Great Britain"	"TDWGLevel4"	""
"477308"	"Madhya Pradesh"	"TDWGLevel4"	""
"477303"	"Alabama"	"TDWGLevel4"	""
"474114"	"West Bengal"	"TDWGLevel4"	""
"474112"	"Great Britain"	"TDWGLevel4"	""
"467637"	"Canary Is."	"TDWGLevel4"	""
"467562"	"Taiwan"	"TDWGLevel4"	""
"464162"	"Canary Is."	"TDWGLevel4"	""
"461008"	"Great Britain"	"TDWGLevel4"	""
"461007"	"Great Britain"	"TDWGLevel4"	""
"460971"	"Peninsular Malaysia"	"TDWGLevel4"	""
"460536"	"Zambia"	"TDWGLevel4"	""
"460536"	"Kenya"	"TDWGLevel4"	""
"456040"	"Eastern Cape Province"	"TDWGLevel4"	""
"456040"	"California"	"TDWGLevel4"	""
"456039"	"Costa Rica"	"TDWGLevel4"	""
"446662"	"Mauritius"	"TDWGLevel4"	""
"446661"	"Mauritius"	"TDWGLevel4"	""
"446660"	"Mauritius"	"TDWGLevel4"	""
"446659"	"Mauritius"	"TDWGLevel4"	""
"446658"	"Mauritius"	"TDWGLevel4"	""
"445520"	"West Bengal"	"TDWGLevel4"	""
"445520"	"Sierra Leone"	"TDWGLevel4"	""
"444458"	"South Carolina"	"TDWGLevel4"	""
"444458"	"Madhya Pradesh"	"TDWGLevel4"	""
"444458"	"Chad"	"TDWGLevel4"	""
"444018"	"Netherlands"	"TDWGLevel4"	""
"444018"	"Austria"	"TDWGLevel4"	""
"444018"	"France"	"TDWGLevel4"	""
"444018"	"Germany"	"TDWGLevel4"	""
"444018"	"Great Britain"	"TDWGLevel4"	""
"444018"	"Gujarat"	"TDWGLevel4"	""
"444018"	"Italy"	"TDWGLevel4"	""
"444018"	"Northern Ireland"	"TDWGLevel4"	""
"444018"	"Québec"	"TDWGLevel4"	""
"444018"	"Romania"	"TDWGLevel4"	""
"444018"	"Sabah"	"TDWGLevel4"	""
"444018"	"Slovenia"	"TDWGLevel4"	""
"444018"	"Sicilia"	"TDWGLevel4"	""
"443957"	"Georgia"	"TDWGLevel4"	""
"443674"	"Canary Is."	"TDWGLevel4"	""
"443673"	"Western Australia"	"TDWGLevel4"	""
"443673"	"Queensland"	"TDWGLevel4"	""
"443671"	"Kerala"	"TDWGLevel4"	""
"443549"	"Spain"	"TDWGLevel4"	""
"443483"	"Dominica"	"TDWGLevel4"	""
"443475"	"Western Cape Province"	"TDWGLevel4"	""
"443470"	"Ghana"	"TDWGLevel4"	""
"443470"	"Georgia"	"TDWGLevel4"	""
"443470"	"Hong Kong"	"TDWGLevel4"	""
"443470"	"Malawi"	"TDWGLevel4"	""
"443470"	"Mauritius"	"TDWGLevel4"	""
"443470"	"Pakistan"	"TDWGLevel4"	""
"443470"	"Queensland"	"TDWGLevel4"	""
"443470"	"Sierra Leone"	"TDWGLevel4"	""
"443470"	"Florida"	"TDWGLevel4"	""
"443470"	"Tamil Nadu"	"TDWGLevel4"	""
"443470"	"Tasmania"	"TDWGLevel4"	""
"443470"	"Philippines"	"TDWGLevel4"	""
"443466"	"Nigeria"	"TDWGLevel4"	""
"439307"	"New York"	"TDWGLevel4"	""
"439307"	"Great Britain"	"TDWGLevel4"	""
"439307"	"Georgia"	"TDWGLevel4"	""
"439307"	"Hong Kong"	"TDWGLevel4"	""
"439307"	"Italy"	"TDWGLevel4"	""
"439307"	"Madhya Pradesh"	"TDWGLevel4"	""
"439307"	"Pakistan"	"TDWGLevel4"	""
"439307"	"Portugal"	"TDWGLevel4"	""
"439307"	"Singapore"	"TDWGLevel4"	""
"439307"	"Uttaranchal"	"TDWGLevel4"	""
"439307"	"Spain"	"TDWGLevel4"	""
"439307"	"North Dakota"	"TDWGLevel4"	""
"438113"	"Manitoba"	"TDWGLevel4"	""
"438113"	"New Caledonia"	"TDWGLevel4"	""
"438113"	"Czech Republic"	"TDWGLevel4"	""
"438113"	"Pakistan"	"TDWGLevel4"	""
"438113"	"Zambia"	"TDWGLevel4"	""
"438006"	"New Zealand North"	"TDWGLevel4"	""
"437997"	"Yunnan"	"TDWGLevel4"	""
"437997"	"West Bengal"	"TDWGLevel4"	""
"437285"	"Buenos Aires"	"TDWGLevel4"	""
"437284"	"Georgia"	"TDWGLevel4"	""
"437284"	"Tennessee"	"TDWGLevel4"	""
"437080"	"Poland"	"TDWGLevel4"	""
"437080"	"Great Britain"	"TDWGLevel4"	""
"436903"	"Sierra Leone"	"TDWGLevel4"	""
"436903"	"French Guiana"	"TDWGLevel4"	""
"436500"	"Sweden"	"TDWGLevel4"	""
"436500"	"Great Britain"	"TDWGLevel4"	""
"434566"	"Great Britain"	"TDWGLevel4"	""
"434559"	"Victoria"	"TDWGLevel4"	""
"434556"	"Sabah"	"TDWGLevel4"	""
"434556"	"Queensland"	"TDWGLevel4"	""
"434556"	"Philippines"	"TDWGLevel4"	""
"434556"	"Ecuador"	"TDWGLevel4"	""
"434556"	"Cuba"	"TDWGLevel4"	""
"434556"	"Zaïre"	"TDWGLevel4"	""
"434549"	"New Zealand North"	"TDWGLevel4"	""
"433657"	"Czech Republic"	"TDWGLevel4"	""
"433657"	"Austria"	"TDWGLevel4"	""
"433657"	"Eastern Cape Province"	"TDWGLevel4"	""
"433657"	"France"	"TDWGLevel4"	""
"362308"	"Philippines"	"TDWGLevel4"	""
"362524"	"Peninsular Malaysia"	"TDWGLevel4"	""
"362559"	"Ecuador"	"TDWGLevel4"	""
"362559"	"Peru"	"TDWGLevel4"	""
"362559"	"Puerto Rico"	"TDWGLevel4"	""
"362560"	"Puerto Rico"	"TDWGLevel4"	""
"363293"	"Austria"	"TDWGLevel4"	""
"363305"	"Czech Republic"	"TDWGLevel4"	""
"363306"	"Sweden"	"TDWGLevel4"	""
"363310"	"New Jersey"	"TDWGLevel4"	""
"365535"	"Iowa"	"TDWGLevel4"	""
"382732"	"Salta"	"TDWGLevel4"	""
"105560"	"Great Britain"	"TDWGLevel4"	""
"105560"	"Northern Ireland"	"TDWGLevel4"	""
"110615"	"Ghana"	"TDWGLevel4"	""
"102245"	"Cuba"	"TDWGLevel4"	""
"102465"	"British Columbia"	"TDWGLevel4"	""
"102465"	"Colorado"	"TDWGLevel4"	""
"102465"	"Utah"	"TDWGLevel4"	""
"102465"	"Wyoming"	"TDWGLevel4"	""
"102985"	"Switzerland"	"TDWGLevel4"	""
"103466"	"Slovenia"	"TDWGLevel4"	""
"104563"	"Ghana"	"TDWGLevel4"	""
"104563"	"Jamaica"	"TDWGLevel4"	""
"104563"	"Kerala"	"TDWGLevel4"	""
"104563"	"Tanzania"	"TDWGLevel4"	""
"104563"	"Uganda"	"TDWGLevel4"	""
"104563"	"Venezuela"	"TDWGLevel4"	""
"104564"	"New Jersey"	"TDWGLevel4"	""
"104565"	"Tasmania"	"TDWGLevel4"	""
"104566"	"Sierra Leone"	"TDWGLevel4"	""
"104567"	"Great Britain"	"TDWGLevel4"	""
"104567"	"Tasmania"	"TDWGLevel4"	""
"104567"	"France"	"TDWGLevel4"	""
"104567"	"Belgium"	"TDWGLevel4"	""
"104567"	"Germany"	"TDWGLevel4"	""
"104570"	"Czech Republic"	"TDWGLevel4"	""
"105750"	"Thailand"	"TDWGLevel4"	""
"106290"	"Sweden"	"TDWGLevel4"	""
"106291"	"Great Britain"	"TDWGLevel4"	""
"106291"	"Queensland"	"TDWGLevel4"	""
"106291"	"Mauritius"	"TDWGLevel4"	""
"106292"	"Denmark"	"TDWGLevel4"	""
"106292"	"Great Britain"	"TDWGLevel4"	""
"106292"	"Malawi"	"TDWGLevel4"	""
"106292"	"Queensland"	"TDWGLevel4"	""
"106293"	"Great Britain"	"TDWGLevel4"	""
"106293"	"Denmark"	"TDWGLevel4"	""
"106295"	"Great Britain"	"TDWGLevel4"	""
"106295"	"Hong Kong"	"TDWGLevel4"	""
"106296"	"Great Britain"	"TDWGLevel4"	""
"106774"	"Spain"	"TDWGLevel4"	""
"107393"	"Italy"	"TDWGLevel4"	""
"107394"	"Italy"	"TDWGLevel4"	""
"107395"	"Italy"	"TDWGLevel4"	""
"108904"	"Andhra Pradesh"	"TDWGLevel4"	""
"108904"	"Madhya Pradesh"	"TDWGLevel4"	""
"109280"	"Great Britain"	"TDWGLevel4"	""
"112307"	"Maluku"	"TDWGLevel4"	""
"112478"	"Uttar Pradesh"	"TDWGLevel4"	""
"112712"	"Great Britain"	"TDWGLevel4"	""
"112712"	"Ireland"	"TDWGLevel4"	""
"112721"	"Great Britain"	"TDWGLevel4"	""
"113128"	"Queensland"	"TDWGLevel4"	""
"113128"	"Great Britain"	"TDWGLevel4"	""
"113128"	"New South Wales"	"TDWGLevel4"	""
"113128"	"Nigeria"	"TDWGLevel4"	""
"113129"	"Malawi"	"TDWGLevel4"	""
"115948"	"Dominican Republic"	"TDWGLevel4"	""
"115948"	"Zambia"	"TDWGLevel4"	""
"115949"	"New Jersey"	"TDWGLevel4"	""
"115951"	"Ghana"	"TDWGLevel4"	""
"115951"	"Uttar Pradesh"	"TDWGLevel4"	""
"118804"	"Zambia"	"TDWGLevel4"	""
"118991"	"Sabah"	"TDWGLevel4"	""
"118991"	"Sarawak"	"TDWGLevel4"	""
"118991"	"Sierra Leone"	"TDWGLevel4"	""
"118991"	"Tanzania"	"TDWGLevel4"	""
"118991"	"Texas"	"TDWGLevel4"	""
"118991"	"Uganda"	"TDWGLevel4"	""
"118991"	"West Bengal"	"TDWGLevel4"	""
"118991"	"Vanuatu"	"TDWGLevel4"	""
"118991"	"Uttar Pradesh"	"TDWGLevel4"	""
"118991"	"Cameroon"	"TDWGLevel4"	""
"118991"	"Madhya Pradesh"	"TDWGLevel4"	""
"118991"	"Kerala"	"TDWGLevel4"	""
"118991"	"Hong Kong"	"TDWGLevel4"	""
"118991"	"Guatemala"	"TDWGLevel4"	""
"118991"	"Ghana"	"TDWGLevel4"	""
"118991"	"Fiji"	"TDWGLevel4"	""
"118991"	"Delhi"	"TDWGLevel4"	""
"118991"	"Assam"	"TDWGLevel4"	""
"118991"	"Nigeria"	"TDWGLevel4"	""
"120071"	"Cameroon"	"TDWGLevel4"	""
"120071"	"Nigeria"	"TDWGLevel4"	""
"120190"	"Great Britain"	"TDWGLevel4"	""
"120190"	"Switzerland"	"TDWGLevel4"	""
"120190"	"Cuba"	"TDWGLevel4"	""
"120327"	"Queensland"	"TDWGLevel4"	""
"120327"	"Zambia"	"TDWGLevel4"	""
"120406"	"Germany"	"TDWGLevel4"	""
"120406"	"Great Britain"	"TDWGLevel4"	""
"120511"	"Hong Kong"	"TDWGLevel4"	""
"120511"	"New York"	"TDWGLevel4"	""
"120511"	"California"	"TDWGLevel4"	""
"120511"	"Newfoundland"	"TDWGLevel4"	""
"120511"	"Cuba"	"TDWGLevel4"	""
"120709"	"Brunei"	"TDWGLevel4"	""
"120709"	"Singapore"	"TDWGLevel4"	""
"125863"	"Great Britain"	"TDWGLevel4"	""
"125863"	"Northern Ireland"	"TDWGLevel4"	""
"125864"	"Great Britain"	"TDWGLevel4"	""
"125994"	"Nigeria"	"TDWGLevel4"	""
"125997"	"Tasmania"	"TDWGLevel4"	""
"126000"	"Sierra Leone"	"TDWGLevel4"	""
"126000"	"West Bengal"	"TDWGLevel4"	""
"126000"	"Madhya Pradesh"	"TDWGLevel4"	""
"127393"	"Queensland"	"TDWGLevel4"	""
"128501"	"New York"	"TDWGLevel4"	""
"128584"	"Haryana"	"TDWGLevel4"	""
"128585"	"Haryana"	"TDWGLevel4"	""
"128789"	"Netherlands"	"TDWGLevel4"	""
"133680"	"South Australia"	"TDWGLevel4"	""
"133680"	"Great Britain"	"TDWGLevel4"	""
"135957"	"Paraguay"	"TDWGLevel4"	""
"135968"	"Georgia"	"TDWGLevel4"	""
"142167"	"Italy"	"TDWGLevel4"	""
"144409"	"California"	"TDWGLevel4"	""
"144409"	"Great Britain"	"TDWGLevel4"	""
"144670"	"Spain"	"TDWGLevel4"	""
"144670"	"California"	"TDWGLevel4"	""
"144670"	"Tamil Nadu"	"TDWGLevel4"	""
"144670"	"Portugal"	"TDWGLevel4"	""
"144670"	"Philippines"	"TDWGLevel4"	""
"144670"	"New Zealand North"	"TDWGLevel4"	""
"144670"	"Jammu-Kashmir"	"TDWGLevel4"	""
"144670"	"Italy"	"TDWGLevel4"	""
"144670"	"Israel"	"TDWGLevel4"	""
"144670"	"France"	"TDWGLevel4"	""
"144670"	"Great Britain"	"TDWGLevel4"	""
"144670"	"Zimbabwe"	"TDWGLevel4"	""
"144670"	"Netherlands"	"TDWGLevel4"	""
"145118"	"Germany"	"TDWGLevel4"	""
"145240"	"Sweden"	"TDWGLevel4"	""
"145788"	"France"	"TDWGLevel4"	""
"145788"	"West Bengal"	"TDWGLevel4"	""
"145788"	"Switzerland"	"TDWGLevel4"	""
"145788"	"North Dakota"	"TDWGLevel4"	""
"145788"	"Great Britain"	"TDWGLevel4"	""
"145788"	"Canary Is."	"TDWGLevel4"	""
"145788"	"Hungary"	"TDWGLevel4"	""
"146158"	"West Bengal"	"TDWGLevel4"	""
"146158"	"Latvia"	"TDWGLevel4"	""
"146158"	"Nigeria"	"TDWGLevel4"	""
"146158"	"Great Britain"	"TDWGLevel4"	""
"146158"	"Pakistan"	"TDWGLevel4"	""
"146158"	"Romania"	"TDWGLevel4"	""
"146158"	"Sierra Leone"	"TDWGLevel4"	""
"146158"	"Spain"	"TDWGLevel4"	""
"146158"	"Tristan da Cunha"	"TDWGLevel4"	""
"146158"	"Zambia"	"TDWGLevel4"	""
"146158"	"Kenya"	"TDWGLevel4"	""
"146158"	"Trinidad-Tobago"	"TDWGLevel4"	""
"146158"	"Italy"	"TDWGLevel4"	""
"146158"	"Hong Kong"	"TDWGLevel4"	""
"146158"	"Greece"	"TDWGLevel4"	""
"146158"	"Karnataka"	"TDWGLevel4"	""
"146158"	"Germany"	"TDWGLevel4"	""
"146158"	"Dominica"	"TDWGLevel4"	""
"146158"	"Delhi"	"TDWGLevel4"	""
"146158"	"Czech Republic"	"TDWGLevel4"	""
"146158"	"Channel Is."	"TDWGLevel4"	""
"146158"	"Austria"	"TDWGLevel4"	""
"146158"	"Guizhou"	"TDWGLevel4"	""
"149362"	"Sri Lanka"	"TDWGLevel4"	""
"149362"	"São Paulo"	"TDWGLevel4"	""
"149362"	"Sierra Leone"	"TDWGLevel4"	""
"150127"	"Kenya"	"TDWGLevel4"	""
"150127"	"Rwanda"	"TDWGLevel4"	""
"150127"	"Uganda"	"TDWGLevel4"	""
"151650"	"Pakistan"	"TDWGLevel4"	""
"151650"	"New Zealand North"	"TDWGLevel4"	""
"151836"	"Nigeria"	"TDWGLevel4"	""
"151843"	"Philippines"	"TDWGLevel4"	""
"151856"	"Guadeloupe"	"TDWGLevel4"	""
"151856"	"Sri Lanka"	"TDWGLevel4"	""
"152747"	"Cuba"	"TDWGLevel4"	""
"152747"	"Zambia"	"TDWGLevel4"	""
"152747"	"Uttar Pradesh"	"TDWGLevel4"	""
"152747"	"Nigeria"	"TDWGLevel4"	""
"152747"	"Queensland"	"TDWGLevel4"	""
"153906"	"West Bengal"	"TDWGLevel4"	""
"154099"	"Tanzania"	"TDWGLevel4"	""
"154099"	"West Bengal"	"TDWGLevel4"	""
"154099"	"Uttar Pradesh"	"TDWGLevel4"	""
"154099"	"Uganda"	"TDWGLevel4"	""
"154099"	"Madhya Pradesh"	"TDWGLevel4"	""
"154099"	"Sierra Leone"	"TDWGLevel4"	""
"154099"	"New Caledonia"	"TDWGLevel4"	""
"154099"	"Hong Kong"	"TDWGLevel4"	""
"154099"	"Papua New Guinea"	"TDWGLevel4"	""
"156076"	"Nigeria"	"TDWGLevel4"	""
"156076"	"West Bengal"	"TDWGLevel4"	""
"156076"	"Uttar Pradesh"	"TDWGLevel4"	""
"156076"	"Sierra Leone"	"TDWGLevel4"	""
"156076"	"Hong Kong"	"TDWGLevel4"	""
"156076"	"Delhi"	"TDWGLevel4"	""
"156076"	"Cuba"	"TDWGLevel4"	""
"156076"	"Marquesas"	"TDWGLevel4"	""
"156703"	"Nigeria"	"TDWGLevel4"	""
"156703"	"Paraguay"	"TDWGLevel4"	""
"156703"	"South Carolina"	"TDWGLevel4"	""
"157081"	"Great Britain"	"TDWGLevel4"	""
"157445"	"Great Britain"	"TDWGLevel4"	""
"157445"	"Portugal"	"TDWGLevel4"	""
"157560"	"Angola"	"TDWGLevel4"	""
"157560"	"Mauritius"	"TDWGLevel4"	""
"157560"	"Nigeria"	"TDWGLevel4"	""
"157560"	"Sri Lanka"	"TDWGLevel4"	""
"158066"	"French Guiana"	"TDWGLevel4"	""
"158066"	"Zambia"	"TDWGLevel4"	""
"158066"	"Sierra Leone"	"TDWGLevel4"	""
"158066"	"Delhi"	"TDWGLevel4"	""
"158066"	"Nigeria"	"TDWGLevel4"	""
"158066"	"Pakistan"	"TDWGLevel4"	""
"158104"	"Germany"	"TDWGLevel4"	""
"158104"	"Great Britain"	"TDWGLevel4"	""
"158390"	"Belgium"	"TDWGLevel4"	""
"158390"	"Great Britain"	"TDWGLevel4"	""
"158390"	"Netherlands"	"TDWGLevel4"	""
"158390"	"Sweden"	"TDWGLevel4"	""
"159685"	"Switzerland"	"TDWGLevel4"	""
"159685"	"Algeria"	"TDWGLevel4"	""
"159685"	"Great Britain"	"TDWGLevel4"	""
"160026"	"Great Britain"	"TDWGLevel4"	""
"160120"	"Portugal"	"TDWGLevel4"	""
"160120"	"Switzerland"	"TDWGLevel4"	""
"161373"	"Switzerland"	"TDWGLevel4"	""
"163456"	"Pakistan"	"TDWGLevel4"	""
"163954"	"Nova Scotia"	"TDWGLevel4"	""
"163954"	"Turkey"	"TDWGLevel4"	""
"163954"	"Sweden"	"TDWGLevel4"	""
"163954"	"Romania"	"TDWGLevel4"	""
"163954"	"Florida"	"TDWGLevel4"	""
"163954"	"Portugal"	"TDWGLevel4"	""
"163954"	"West Bengal"	"TDWGLevel4"	""
"163954"	"Pakistan"	"TDWGLevel4"	""
"163954"	"Northern Ireland"	"TDWGLevel4"	""
"163954"	"Netherlands"	"TDWGLevel4"	""
"163954"	"Ireland"	"TDWGLevel4"	""
"163954"	"Germany"	"TDWGLevel4"	""
"163954"	"Finland"	"TDWGLevel4"	""
"163954"	"Denmark"	"TDWGLevel4"	""
"163954"	"Austria"	"TDWGLevel4"	""
"163954"	"Great Britain"	"TDWGLevel4"	""
"165129"	"Sri Lanka"	"TDWGLevel4"	""
"165663"	"Jammu-Kashmir"	"TDWGLevel4"	""
"165663"	"Sweden"	"TDWGLevel4"	""
"165663"	"California"	"TDWGLevel4"	""
"165663"	"Netherlands"	"TDWGLevel4"	""
"165663"	"Switzerland"	"TDWGLevel4"	""
"165663"	"Latvia"	"TDWGLevel4"	""
"165663"	"Great Britain"	"TDWGLevel4"	""
"165663"	"Germany"	"TDWGLevel4"	""
"165663"	"Denmark"	"TDWGLevel4"	""
"165663"	"Austria"	"TDWGLevel4"	""
"165663"	"Finland"	"TDWGLevel4"	""
"165663"	"Italy"	"TDWGLevel4"	""
"165810"	"West Bengal"	"TDWGLevel4"	""
"165810"	"Delhi"	"TDWGLevel4"	""
"165810"	"Eastern Cape Province"	"TDWGLevel4"	""
"165810"	"Pakistan"	"TDWGLevel4"	""
"165810"	"Sierra Leone"	"TDWGLevel4"	""
"166031"	"Alberta"	"TDWGLevel4"	""
"168273"	"Tanzania"	"TDWGLevel4"	""
"168273"	"Ghana"	"TDWGLevel4"	""
"168273"	"Trinidad-Tobago"	"TDWGLevel4"	""
"168273"	"Nigeria"	"TDWGLevel4"	""
"168273"	"Sierra Leone"	"TDWGLevel4"	""
"168400"	"Dominican Republic"	"TDWGLevel4"	""
"168400"	"Venezuela"	"TDWGLevel4"	""
"168400"	"Trinidad-Tobago"	"TDWGLevel4"	""
"168400"	"Guyana"	"TDWGLevel4"	""
"168400"	"São Paulo"	"TDWGLevel4"	""
"168400"	"Hawaiian Is."	"TDWGLevel4"	""
"170307"	"Pakistan"	"TDWGLevel4"	""
"170307"	"Sweden"	"TDWGLevel4"	""
"170307"	"France"	"TDWGLevel4"	""
"170307"	"Czech Republic"	"TDWGLevel4"	""
"170644"	"Czech Republic"	"TDWGLevel4"	""
"170644"	"Turkey"	"TDWGLevel4"	""
"171074"	"Denmark"	"TDWGLevel4"	""
"171074"	"Great Britain"	"TDWGLevel4"	""
"171074"	"Italy"	"TDWGLevel4"	""
"171074"	"Northern Ireland"	"TDWGLevel4"	""
"171074"	"Slovenia"	"TDWGLevel4"	""
"174292"	"Nigeria"	"TDWGLevel4"	""
"174292"	"South Carolina"	"TDWGLevel4"	""
"174292"	"Sierra Leone"	"TDWGLevel4"	""
"174324"	"Queensland"	"TDWGLevel4"	""
"174324"	"Zimbabwe"	"TDWGLevel4"	""
"174324"	"Zambia"	"TDWGLevel4"	""
"174324"	"West Bengal"	"TDWGLevel4"	""
"174324"	"Uganda"	"TDWGLevel4"	""
"174324"	"Sierra Leone"	"TDWGLevel4"	""
"174324"	"New Zealand North"	"TDWGLevel4"	""
"174324"	"Madhya Pradesh"	"TDWGLevel4"	""
"174324"	"Karnataka"	"TDWGLevel4"	""
"174324"	"Hong Kong"	"TDWGLevel4"	""
"174324"	"Himachal Pradesh"	"TDWGLevel4"	""
"174324"	"Delhi"	"TDWGLevel4"	""
"174324"	"Texas"	"TDWGLevel4"	""
"174520"	"Netherlands"	"TDWGLevel4"	""
"174520"	"Ghana"	"TDWGLevel4"	""
"174520"	"Great Britain"	"TDWGLevel4"	""
"174939"	"Tucumán"	"TDWGLevel4"	""
"175745"	"Portugal"	"TDWGLevel4"	""
"175745"	"Romania"	"TDWGLevel4"	""
"179243"	"Cuba"	"TDWGLevel4"	""
"179243"	"Ecuador"	"TDWGLevel4"	""
"179243"	"Guatemala"	"TDWGLevel4"	""
"179243"	"Guyana"	"TDWGLevel4"	""
"179243"	"Puerto Rico"	"TDWGLevel4"	""
"179243"	"Sierra Leone"	"TDWGLevel4"	""
"179243"	"West Bengal"	"TDWGLevel4"	""
"179255"	"Sri Lanka"	"TDWGLevel4"	""
"179255"	"Assam"	"TDWGLevel4"	""
"179275"	"Himachal Pradesh"	"TDWGLevel4"	""
"179275"	"Italy"	"TDWGLevel4"	""
"179475"	"Great Britain"	"TDWGLevel4"	""
"180784"	"Nigeria"	"TDWGLevel4"	""
"180784"	"Uganda"	"TDWGLevel4"	""
"180784"	"Zaïre"	"TDWGLevel4"	""
"180784"	"Sierra Leone"	"TDWGLevel4"	""
"180784"	"Queensland"	"TDWGLevel4"	""
"180784"	"Himachal Pradesh"	"TDWGLevel4"	""
"180784"	"Ghana"	"TDWGLevel4"	""
"180784"	"Cuba"	"TDWGLevel4"	""
"180784"	"Ecuador"	"TDWGLevel4"	""
"180784"	"Kenya"	"TDWGLevel4"	""
"181599"	"Trinidad-Tobago"	"TDWGLevel4"	""
"181599"	"Jawa"	"TDWGLevel4"	""
"181990"	"Philippines"	"TDWGLevel4"	""
"181990"	"Bolivia"	"TDWGLevel4"	""
"182287"	"Kerala"	"TDWGLevel4"	""
"182287"	"New Zealand South"	"TDWGLevel4"	""
"182287"	"Tasmania"	"TDWGLevel4"	""
"184640"	"Cameroon"	"TDWGLevel4"	""
"184640"	"Philippines"	"TDWGLevel4"	""
"184640"	"Sierra Leone"	"TDWGLevel4"	""
"185002"	"Great Britain"	"TDWGLevel4"	""
"185779"	"Rio Grande do Sul"	"TDWGLevel4"	""
"186965"	"Sri Lanka"	"TDWGLevel4"	""
"187004"	"New Jersey"	"TDWGLevel4"	""
"188043"	"Great Britain"	"TDWGLevel4"	""
"190405"	"Beijing"	"TDWGLevel4"	""
"190405"	"Malawi"	"TDWGLevel4"	""
"190405"	"New Zealand North"	"TDWGLevel4"	""
"190405"	"Victoria"	"TDWGLevel4"	""
"190405"	"West Bengal"	"TDWGLevel4"	""
"190558"	"Himachal Pradesh"	"TDWGLevel4"	""
"190558"	"Great Britain"	"TDWGLevel4"	""
"190558"	"Denmark"	"TDWGLevel4"	""
"190626"	"Hawaiian Is."	"TDWGLevel4"	""
"190626"	"Uttar Pradesh"	"TDWGLevel4"	""
"190626"	"Uganda"	"TDWGLevel4"	""
"190626"	"Trinidad-Tobago"	"TDWGLevel4"	""
"190626"	"West Bengal"	"TDWGLevel4"	""
"190626"	"Tanzania"	"TDWGLevel4"	""
"190626"	"Victoria"	"TDWGLevel4"	""
"190626"	"Hainan"	"TDWGLevel4"	""
"190626"	"Ghana"	"TDWGLevel4"	""
"190626"	"French Guiana"	"TDWGLevel4"	""
"190626"	"Cameroon"	"TDWGLevel4"	""
"190626"	"Queensland"	"TDWGLevel4"	""
"190626"	"Sierra Leone"	"TDWGLevel4"	""
"191897"	"Great Britain"	"TDWGLevel4"	""
"191897"	"Himachal Pradesh"	"TDWGLevel4"	""
"191897"	"Germany"	"TDWGLevel4"	""
"191938"	"Ohio"	"TDWGLevel4"	""
"191938"	"Singapore"	"TDWGLevel4"	""
"192715"	"Baleares"	"TDWGLevel4"	""
"192715"	"Greece"	"TDWGLevel4"	""
"193163"	"Manitoba"	"TDWGLevel4"	""
"193163"	"Ontario"	"TDWGLevel4"	""
"193255"	"Sweden"	"TDWGLevel4"	""
"194246"	"Karnataka"	"TDWGLevel4"	""
"194246"	"Sri Lanka"	"TDWGLevel4"	""
"194246"	"Uganda"	"TDWGLevel4"	""
"194246"	"St.Vincent"	"TDWGLevel4"	""
"194246"	"Singapore"	"TDWGLevel4"	""
"194246"	"Puerto Rico"	"TDWGLevel4"	""
"194246"	"Jawa"	"TDWGLevel4"	""
"194246"	"Grenada"	"TDWGLevel4"	""
"194246"	"Dominica"	"TDWGLevel4"	""
"195134"	"West Bengal"	"TDWGLevel4"	""
"195134"	"Cameroon"	"TDWGLevel4"	""
"195134"	"Ecuador"	"TDWGLevel4"	""
"195134"	"Himachal Pradesh"	"TDWGLevel4"	""
"195134"	"Madhya Pradesh"	"TDWGLevel4"	""
"195134"	"Nepal"	"TDWGLevel4"	""
"195134"	"Nigeria"	"TDWGLevel4"	""
"195134"	"Sierra Leone"	"TDWGLevel4"	""
"195134"	"Tanzania"	"TDWGLevel4"	""
"195343"	"Belgium"	"TDWGLevel4"	""
"195343"	"Madhya Pradesh"	"TDWGLevel4"	""
"195343"	"Portugal"	"TDWGLevel4"	""
"195365"	"Sierra Leone"	"TDWGLevel4"	""
"195365"	"Tanzania"	"TDWGLevel4"	""
"195365"	"West Bengal"	"TDWGLevel4"	""
"196254"	"Great Britain"	"TDWGLevel4"	""
"196330"	"Florida"	"TDWGLevel4"	""
"196330"	"Haiti"	"TDWGLevel4"	""
"196330"	"New South Wales"	"TDWGLevel4"	""
"196330"	"Nigeria"	"TDWGLevel4"	""
"196330"	"Philippines"	"TDWGLevel4"	""
"196330"	"Sierra Leone"	"TDWGLevel4"	""
"196330"	"Tanzania"	"TDWGLevel4"	""
"198420"	"Czech Republic"	"TDWGLevel4"	""
"198420"	"Great Britain"	"TDWGLevel4"	""
"198420"	"Greece"	"TDWGLevel4"	""
"198420"	"Karnataka"	"TDWGLevel4"	""
"198420"	"Sri Lanka"	"TDWGLevel4"	""
"198420"	"Sweden"	"TDWGLevel4"	""
"198420"	"Victoria"	"TDWGLevel4"	""
"198511"	"Delhi"	"TDWGLevel4"	""
"198511"	"Eastern Cape Province"	"TDWGLevel4"	""
"198511"	"Kerala"	"TDWGLevel4"	""
"198511"	"Singapore"	"TDWGLevel4"	""
"198511"	"Uttar Pradesh"	"TDWGLevel4"	""
"198939"	"Buenos Aires"	"TDWGLevel4"	""
"198939"	"Portugal"	"TDWGLevel4"	""
"198939"	"New Zealand South"	"TDWGLevel4"	""
"198939"	"New South Wales"	"TDWGLevel4"	""
"198939"	"Myanmar"	"TDWGLevel4"	""
"198939"	"Cuba"	"TDWGLevel4"	""
"198939"	"Latvia"	"TDWGLevel4"	""
"199416"	"Philippines"	"TDWGLevel4"	""
"199416"	"Cuba"	"TDWGLevel4"	""
"199416"	"Great Britain"	"TDWGLevel4"	""
"199631"	"Austria"	"TDWGLevel4"	""
"199631"	"Portugal"	"TDWGLevel4"	""
"199631"	"Italy"	"TDWGLevel4"	""
"199631"	"Great Britain"	"TDWGLevel4"	""
"199631"	"Germany"	"TDWGLevel4"	""
"199631"	"Finland"	"TDWGLevel4"	""
"199631"	"Azores"	"TDWGLevel4"	""
"199631"	"Buenos Aires"	"TDWGLevel4"	""
"199707"	"Portugal"	"TDWGLevel4"	""
"199779"	"Sri Lanka"	"TDWGLevel4"	""
"200266"	"Great Britain"	"TDWGLevel4"	""
"201239"	"Germany"	"TDWGLevel4"	""
"201239"	"Great Britain"	"TDWGLevel4"	""
"201239"	"Slovakia"	"TDWGLevel4"	""
"201250"	"Great Britain"	"TDWGLevel4"	""
"203909"	"Sierra Leone"	"TDWGLevel4"	""
"203909"	"West Bengal"	"TDWGLevel4"	""
"203909"	"Uganda"	"TDWGLevel4"	""
"203909"	"Trinidad-Tobago"	"TDWGLevel4"	""
"203909"	"Suriname"	"TDWGLevel4"	""
"203909"	"Paraguay"	"TDWGLevel4"	""
"203909"	"Nigeria"	"TDWGLevel4"	""
"203909"	"Jamaica"	"TDWGLevel4"	""
"203909"	"Himachal Pradesh"	"TDWGLevel4"	""
"203909"	"Guyana"	"TDWGLevel4"	""
"203909"	"Ghana"	"TDWGLevel4"	""
"203909"	"Ethiopia"	"TDWGLevel4"	""
"203909"	"Ecuador"	"TDWGLevel4"	""
"203909"	"Brunei"	"TDWGLevel4"	""
"203909"	"Tanzania"	"TDWGLevel4"	""
"203909"	"Madhya Pradesh"	"TDWGLevel4"	""
"204356"	"Saudi Arabia"	"TDWGLevel4"	""
"204356"	"Tanzania"	"TDWGLevel4"	""
"204356"	"Sabah"	"TDWGLevel4"	""
"204356"	"Rajasthan"	"TDWGLevel4"	""
"204356"	"Ontario"	"TDWGLevel4"	""
"204356"	"New Jersey"	"TDWGLevel4"	""
"204356"	"Netherlands"	"TDWGLevel4"	""
"204356"	"Maharashtra"	"TDWGLevel4"	""
"204356"	"Kenya"	"TDWGLevel4"	""
"204356"	"Italy"	"TDWGLevel4"	""
"204356"	"Great Britain"	"TDWGLevel4"	""
"204356"	"Germany"	"TDWGLevel4"	""
"204356"	"France"	"TDWGLevel4"	""
"204356"	"Bihar"	"TDWGLevel4"	""
"204356"	"Belgium"	"TDWGLevel4"	""
"204356"	"Madhya Pradesh"	"TDWGLevel4"	""
"204356"	"Uttar Pradesh"	"TDWGLevel4"	""
"205884"	"Sierra Leone"	"TDWGLevel4"	""
"205884"	"Suriname"	"TDWGLevel4"	""
"205884"	"Nigeria"	"TDWGLevel4"	""
"205884"	"Louisiana"	"TDWGLevel4"	""
"205884"	"Ghana"	"TDWGLevel4"	""
"205884"	"Assam"	"TDWGLevel4"	""
"206066"	"Venezuela"	"TDWGLevel4"	""
"207924"	"France"	"TDWGLevel4"	""
"207924"	"Sri Lanka"	"TDWGLevel4"	""
"208072"	"Cameroon"	"TDWGLevel4"	""
"208072"	"Peninsular Malaysia"	"TDWGLevel4"	""
"208072"	"Puerto Rico"	"TDWGLevel4"	""
"208072"	"St.Vincent"	"TDWGLevel4"	""
"208072"	"Suriname"	"TDWGLevel4"	""
"208072"	"West Bengal"	"TDWGLevel4"	""
"209564"	"French Guiana"	"TDWGLevel4"	""
"209615"	"Sri Lanka"	"TDWGLevel4"	""
"211550"	"Venezuela"	"TDWGLevel4"	""
"211550"	"Ecuador"	"TDWGLevel4"	""
"211550"	"Roraima"	"TDWGLevel4"	""
"211604"	"French Guiana"	"TDWGLevel4"	""
"211604"	"Portugal"	"TDWGLevel4"	""
"213459"	"France"	"TDWGLevel4"	""
"213459"	"Great Britain"	"TDWGLevel4"	""
"213459"	"West Bengal"	"TDWGLevel4"	""
"213459"	"Eastern Cape Province"	"TDWGLevel4"	""
"213598"	"Belgium"	"TDWGLevel4"	""
"213598"	"New Zealand North"	"TDWGLevel4"	""
"213598"	"Venezuela"	"TDWGLevel4"	""
"213598"	"Uttar Pradesh"	"TDWGLevel4"	""
"213598"	"Sri Lanka"	"TDWGLevel4"	""
"213598"	"Sierra Leone"	"TDWGLevel4"	""
"213598"	"Queensland"	"TDWGLevel4"	""
"213598"	"Peninsular Malaysia"	"TDWGLevel4"	""
"213598"	"Pakistan"	"TDWGLevel4"	""
"213598"	"Zambia"	"TDWGLevel4"	""
"213598"	"Andhra Pradesh"	"TDWGLevel4"	""
"213598"	"New Caledonia"	"TDWGLevel4"	""
"213598"	"Madhya Pradesh"	"TDWGLevel4"	""
"213598"	"Jamaica"	"TDWGLevel4"	""
"213598"	"Great Britain"	"TDWGLevel4"	""
"213598"	"Ecuador"	"TDWGLevel4"	""
"213598"	"Cuba"	"TDWGLevel4"	""
"213598"	"Bihar"	"TDWGLevel4"	""
"213598"	"Azores"	"TDWGLevel4"	""
"213598"	"New Jersey"	"TDWGLevel4"	""
"213691"	"Pakistan"	"TDWGLevel4"	""
"213691"	"Tonga"	"TDWGLevel4"	""
"213691"	"West Bengal"	"TDWGLevel4"	""
"213808"	"Turkey"	"TDWGLevel4"	""
"213808"	"Nigeria"	"TDWGLevel4"	""
"213808"	"Pakistan"	"TDWGLevel4"	""
"213808"	"Queensland"	"TDWGLevel4"	""
"213808"	"Sierra Leone"	"TDWGLevel4"	""
"213808"	"South Korea"	"TDWGLevel4"	""
"213808"	"Sri Lanka"	"TDWGLevel4"	""
"213808"	"Sudan"	"TDWGLevel4"	""
"213808"	"Texas"	"TDWGLevel4"	""
"213808"	"Uttar Pradesh"	"TDWGLevel4"	""
"213808"	"Uttaranchal"	"TDWGLevel4"	""
"213808"	"Victoria"	"TDWGLevel4"	""
"213808"	"West Bengal"	"TDWGLevel4"	""
"213808"	"Zambia"	"TDWGLevel4"	""
"213808"	"New Zealand South"	"TDWGLevel4"	""
"213808"	"New Caledonia"	"TDWGLevel4"	""
"213808"	"Sweden"	"TDWGLevel4"	""
"213808"	"Cuba"	"TDWGLevel4"	""
"213808"	"Maryland"	"TDWGLevel4"	""
"213808"	"Channel Is."	"TDWGLevel4"	""
"213808"	"Czech Republic"	"TDWGLevel4"	""
"213808"	"France"	"TDWGLevel4"	""
"213808"	"Gansu"	"TDWGLevel4"	""
"213808"	"Georgia"	"TDWGLevel4"	""
"213808"	"Ghana"	"TDWGLevel4"	""
"213808"	"Great Britain"	"TDWGLevel4"	""
"213808"	"Greece"	"TDWGLevel4"	""
"213808"	"Maharashtra"	"TDWGLevel4"	""
"213808"	"Guinea"	"TDWGLevel4"	""
"213808"	"Brunei"	"TDWGLevel4"	""
"213808"	"Madhya Pradesh"	"TDWGLevel4"	""
"213808"	"North Dakota"	"TDWGLevel4"	""
"213808"	"Latvia"	"TDWGLevel4"	""
"213808"	"Karnataka"	"TDWGLevel4"	""
"213808"	"Ireland"	"TDWGLevel4"	""
"213808"	"Hong Kong"	"TDWGLevel4"	""
"213885"	"Great Britain"	"TDWGLevel4"	""
"214370"	"Karnataka"	"TDWGLevel4"	""
"214370"	"West Bengal"	"TDWGLevel4"	""
"214370"	"Tanzania"	"TDWGLevel4"	""
"214370"	"Sierra Leone"	"TDWGLevel4"	""
"214370"	"Madhya Pradesh"	"TDWGLevel4"	""
"214370"	"Bihar"	"TDWGLevel4"	""
"214370"	"Nigeria"	"TDWGLevel4"	""
"215471"	"Himachal Pradesh"	"TDWGLevel4"	""
"215471"	"Madhya Pradesh"	"TDWGLevel4"	""
"215471"	"Sierra Leone"	"TDWGLevel4"	""
"215471"	"Zambia"	"TDWGLevel4"	""
"215553"	"Ecuador"	"TDWGLevel4"	""
"215553"	"Sri Lanka"	"TDWGLevel4"	""
"216192"	"Czech Republic"	"TDWGLevel4"	""
"216192"	"Himachal Pradesh"	"TDWGLevel4"	""
"219545"	"Sri Lanka"	"TDWGLevel4"	""
"219545"	"Uganda"	"TDWGLevel4"	""
"222425"	"Sri Lanka"	"TDWGLevel4"	""
"222425"	"Uganda"	"TDWGLevel4"	""
"222425"	"Northern Ireland"	"TDWGLevel4"	""
"222425"	"Great Britain"	"TDWGLevel4"	""
"222425"	"Czech Republic"	"TDWGLevel4"	""
"222425"	"Austria"	"TDWGLevel4"	""
"223258"	"Philippines"	"TDWGLevel4"	""
"223961"	"Great Britain"	"TDWGLevel4"	""
"223961"	"France"	"TDWGLevel4"	""
"223961"	"Costa Rica"	"TDWGLevel4"	""
"223961"	"Austria"	"TDWGLevel4"	""
"223961"	"Portugal"	"TDWGLevel4"	""
"224747"	"Great Britain"	"TDWGLevel4"	""
"224747"	"Italy"	"TDWGLevel4"	""
"225502"	"Sri Lanka"	"TDWGLevel4"	""
"225753"	"France"	"TDWGLevel4"	""
"225753"	"Great Britain"	"TDWGLevel4"	""
"225753"	"Greece"	"TDWGLevel4"	""
"225753"	"Sweden"	"TDWGLevel4"	""
"226072"	"Great Britain"	"TDWGLevel4"	""
"226644"	"Jawa"	"TDWGLevel4"	""
"226644"	"Kenya"	"TDWGLevel4"	""
"226644"	"Nigeria"	"TDWGLevel4"	""
"226644"	"Papua New Guinea"	"TDWGLevel4"	""
"226644"	"Sri Lanka"	"TDWGLevel4"	""
"226644"	"West Bengal"	"TDWGLevel4"	""
"226644"	"Hong Kong"	"TDWGLevel4"	""
"227817"	"Great Britain"	"TDWGLevel4"	""
"227817"	"Channel Is."	"TDWGLevel4"	""
"228485"	"Uganda"	"TDWGLevel4"	""
"228485"	"Great Britain"	"TDWGLevel4"	""
"228485"	"Greece"	"TDWGLevel4"	""
"228485"	"Pakistan"	"TDWGLevel4"	""
"228485"	"Switzerland"	"TDWGLevel4"	""
"228564"	"Singapore"	"TDWGLevel4"	""
"228616"	"Uttar Pradesh"	"TDWGLevel4"	""
"228616"	"Rajasthan"	"TDWGLevel4"	""
"228616"	"Nepal"	"TDWGLevel4"	""
"228616"	"Nigeria"	"TDWGLevel4"	""
"228616"	"Northern Ireland"	"TDWGLevel4"	""
"228616"	"Pakistan"	"TDWGLevel4"	""
"228616"	"Papua New Guinea"	"TDWGLevel4"	""
"228616"	"Philippines"	"TDWGLevel4"	""
"228616"	"Sierra Leone"	"TDWGLevel4"	""
"228616"	"Switzerland"	"TDWGLevel4"	""
"228616"	"Tanzania"	"TDWGLevel4"	""
"228616"	"Malawi"	"TDWGLevel4"	""
"228616"	"Uganda"	"TDWGLevel4"	""
"228616"	"Sabah"	"TDWGLevel4"	""
"228616"	"West Bengal"	"TDWGLevel4"	""
"228616"	"Texas"	"TDWGLevel4"	""
"228616"	"France"	"TDWGLevel4"	""
"228616"	"Bulgaria"	"TDWGLevel4"	""
"228616"	"Cameroon"	"TDWGLevel4"	""
"228616"	"Channel Is."	"TDWGLevel4"	""
"228616"	"Czech Republic"	"TDWGLevel4"	""
"228616"	"Latvia"	"TDWGLevel4"	""
"228616"	"Ecuador"	"TDWGLevel4"	""
"228616"	"Germany"	"TDWGLevel4"	""
"228616"	"Spain"	"TDWGLevel4"	""
"228616"	"Ghana"	"TDWGLevel4"	""
"228616"	"Great Britain"	"TDWGLevel4"	""
"228616"	"Hawaiian Is."	"TDWGLevel4"	""
"228616"	"Himachal Pradesh"	"TDWGLevel4"	""
"228616"	"Hong Kong"	"TDWGLevel4"	""
"228616"	"Italy"	"TDWGLevel4"	""
"228616"	"Karnataka"	"TDWGLevel4"	""
"228616"	"Kenya"	"TDWGLevel4"	""
"228616"	"Denmark"	"TDWGLevel4"	""
"228988"	"Germany"	"TDWGLevel4"	""
"228988"	"Great Britain"	"TDWGLevel4"	""
"228988"	"New Zealand North"	"TDWGLevel4"	""
"228988"	"Tierra del Fuego (Argentina)"	"TDWGLevel4"	""
"229049"	"Cuba"	"TDWGLevel4"	""
"229049"	"Great Britain"	"TDWGLevel4"	""
"229378"	"Philippines"	"TDWGLevel4"	""
"229378"	"Tamil Nadu"	"TDWGLevel4"	""
"229378"	"Switzerland"	"TDWGLevel4"	""
"229378"	"Austria"	"TDWGLevel4"	""
"229378"	"Ireland"	"TDWGLevel4"	""
"229378"	"Great Britain"	"TDWGLevel4"	""
"229539"	"Channel Is."	"TDWGLevel4"	""
"229539"	"Switzerland"	"TDWGLevel4"	""
"229539"	"Portugal"	"TDWGLevel4"	""
"229539"	"Ghana"	"TDWGLevel4"	""
"229539"	"Great Britain"	"TDWGLevel4"	""
"231158"	"Great Britain"	"TDWGLevel4"	""
"232548"	"Sri Lanka"	"TDWGLevel4"	""
"232548"	"Nigeria"	"TDWGLevel4"	""
"232548"	"New York"	"TDWGLevel4"	""
"232548"	"Northern Ireland"	"TDWGLevel4"	""
"232548"	"Pakistan"	"TDWGLevel4"	""
"232548"	"South Carolina"	"TDWGLevel4"	""
"232548"	"Switzerland"	"TDWGLevel4"	""
"232548"	"Channel Is."	"TDWGLevel4"	""
"232548"	"Turkey"	"TDWGLevel4"	""
"232548"	"Uttar Pradesh"	"TDWGLevel4"	""
"232548"	"Western Cape Province"	"TDWGLevel4"	""
"232548"	"New Jersey"	"TDWGLevel4"	""
"232548"	"West Bengal"	"TDWGLevel4"	""
"232548"	"France"	"TDWGLevel4"	""
"232548"	"Belgium"	"TDWGLevel4"	""
"232548"	"California"	"TDWGLevel4"	""
"232548"	"District of Columbia"	"TDWGLevel4"	""
"232548"	"Masachusettes"	"TDWGLevel4"	""
"232548"	"Florida"	"TDWGLevel4"	""
"232548"	"Germany"	"TDWGLevel4"	""
"232548"	"Great Britain"	"TDWGLevel4"	""
"232548"	"Greece"	"TDWGLevel4"	""
"232548"	"Hong Kong"	"TDWGLevel4"	""
"232548"	"Italy"	"TDWGLevel4"	""
"232548"	"Lithuania"	"TDWGLevel4"	""
"232548"	"Cyprus"	"TDWGLevel4"	""
"233279"	"Karnataka"	"TDWGLevel4"	""
"233279"	"Jawa"	"TDWGLevel4"	""
"233279"	"Sri Lanka"	"TDWGLevel4"	""
"233279"	"Jamaica"	"TDWGLevel4"	""
"233279"	"France"	"TDWGLevel4"	""
"233279"	"Hainan"	"TDWGLevel4"	""
"233279"	"New Caledonia"	"TDWGLevel4"	""
"234356"	"Indiana"	"TDWGLevel4"	""
"235044"	"Great Britain"	"TDWGLevel4"	""
"235044"	"Austria"	"TDWGLevel4"	""
"235301"	"Venezuela"	"TDWGLevel4"	""
"235394"	"Sri Lanka"	"TDWGLevel4"	""
"239483"	"Sweden"	"TDWGLevel4"	""
"239483"	"Great Britain"	"TDWGLevel4"	""
"239483"	"South Carolina"	"TDWGLevel4"	""
"239743"	"Saskatchewan"	"TDWGLevel4"	""
"239814"	"Pakistan"	"TDWGLevel4"	""
"239814"	"Great Britain"	"TDWGLevel4"	""
"239814"	"Uganda"	"TDWGLevel4"	""
"239814"	"Sweden"	"TDWGLevel4"	""
"239814"	"Nigeria"	"TDWGLevel4"	""
"239814"	"Greece"	"TDWGLevel4"	""
"239814"	"Finland"	"TDWGLevel4"	""
"239814"	"Ireland"	"TDWGLevel4"	""
"240140"	"New Zealand North"	"TDWGLevel4"	""
"240458"	"Bangladesh"	"TDWGLevel4"	""
"240642"	"Illinois"	"TDWGLevel4"	""
"241772"	"Sierra Leone"	"TDWGLevel4"	""
"243556"	"Congo"	"TDWGLevel4"	""
"245475"	"Sri Lanka"	"TDWGLevel4"	""
"245960"	"Dominica"	"TDWGLevel4"	""
"245960"	"Trinidad-Tobago"	"TDWGLevel4"	""
"246876"	"Vanuatu"	"TDWGLevel4"	""
"246876"	"Pakistan"	"TDWGLevel4"	""
"246876"	"Philippines"	"TDWGLevel4"	""
"246876"	"Poland"	"TDWGLevel4"	""
"246876"	"Queensland"	"TDWGLevel4"	""
"246876"	"Romania"	"TDWGLevel4"	""
"246876"	"New Caledonia"	"TDWGLevel4"	""
"246876"	"Uganda"	"TDWGLevel4"	""
"246876"	"Malawi"	"TDWGLevel4"	""
"246876"	"West Bengal"	"TDWGLevel4"	""
"246876"	"Sierra Leone"	"TDWGLevel4"	""
"246876"	"Colorado"	"TDWGLevel4"	""
"246876"	"Northern Ireland"	"TDWGLevel4"	""
"246876"	"Austria"	"TDWGLevel4"	""
"246876"	"Czech Republic"	"TDWGLevel4"	""
"246876"	"Fiji"	"TDWGLevel4"	""
"246876"	"Germany"	"TDWGLevel4"	""
"246876"	"Great Britain"	"TDWGLevel4"	""
"246876"	"Himachal Pradesh"	"TDWGLevel4"	""
"246876"	"Italy"	"TDWGLevel4"	""
"246876"	"Jamaica"	"TDWGLevel4"	""
"246876"	"Anhui"	"TDWGLevel4"	""
"247027"	"Uganda"	"TDWGLevel4"	""
"247027"	"Zambia"	"TDWGLevel4"	""
"247027"	"Zaïre"	"TDWGLevel4"	""
"247027"	"Venezuela"	"TDWGLevel4"	""
"247027"	"Angola"	"TDWGLevel4"	""
"247207"	"Himachal Pradesh"	"TDWGLevel4"	""
"247207"	"Uttar Pradesh"	"TDWGLevel4"	""
"247207"	"Philippines"	"TDWGLevel4"	""
"247207"	"Great Britain"	"TDWGLevel4"	""
"247207"	"Channel Is."	"TDWGLevel4"	""
"247207"	"Cameroon"	"TDWGLevel4"	""
"247207"	"Queensland"	"TDWGLevel4"	""
"248234"	"Czech Republic"	"TDWGLevel4"	""
"248234"	"Romania"	"TDWGLevel4"	""
"248234"	"Sweden"	"TDWGLevel4"	""
"248234"	"Great Britain"	"TDWGLevel4"	""
"248234"	"Channel Is."	"TDWGLevel4"	""
"248234"	"Germany"	"TDWGLevel4"	""
"248234"	"Finland"	"TDWGLevel4"	""
"248708"	"Iran"	"TDWGLevel4"	""
"248708"	"Italy"	"TDWGLevel4"	""
"248708"	"Romania"	"TDWGLevel4"	""
"249262"	"Los Lagos"	"TDWGLevel4"	""
"249419"	"Kansas"	"TDWGLevel4"	""
"249419"	"Great Britain"	"TDWGLevel4"	""
"249566"	"Los Lagos"	"TDWGLevel4"	""
"255942"	"Uganda"	"TDWGLevel4"	""
"258157"	"Jawa"	"TDWGLevel4"	""
"264263"	"Madagascar"	"TDWGLevel4"	""
"264263"	"Florida"	"TDWGLevel4"	""
"264263"	"Hong Kong"	"TDWGLevel4"	""
"264957"	"Germany"	"TDWGLevel4"	""
"264957"	"Great Britain"	"TDWGLevel4"	""
"264957"	"Channel Is."	"TDWGLevel4"	""
"264957"	"Madagascar"	"TDWGLevel4"	""
"265208"	"Romania"	"TDWGLevel4"	""
"265208"	"Sweden"	"TDWGLevel4"	""
"265208"	"Netherlands"	"TDWGLevel4"	""
"265208"	"Greece"	"TDWGLevel4"	""
"265208"	"Great Britain"	"TDWGLevel4"	""
"265208"	"Germany"	"TDWGLevel4"	""
"265208"	"Switzerland"	"TDWGLevel4"	""
"269644"	"Guangdong"	"TDWGLevel4"	""
"271951"	"Great Britain"	"TDWGLevel4"	""
"272642"	"Manitoba"	"TDWGLevel4"	""
"272642"	"Great Britain"	"TDWGLevel4"	""
"274086"	"Sri Lanka"	"TDWGLevel4"	""
"277638"	"Western Cape Province"	"TDWGLevel4"	""
"283501"	"Sierra Leone"	"TDWGLevel4"	""
"283501"	"Tamil Nadu"	"TDWGLevel4"	""
"283501"	"Sabah"	"TDWGLevel4"	""
"283631"	"Nigeria"	"TDWGLevel4"	""
"283631"	"Sierra Leone"	"TDWGLevel4"	""
"283631"	"Uttar Pradesh"	"TDWGLevel4"	""
"283631"	"Kerala"	"TDWGLevel4"	""
"283632"	"French Guiana"	"TDWGLevel4"	""
"283632"	"Puerto Rico"	"TDWGLevel4"	""
"283634"	"Tanzania"	"TDWGLevel4"	""
"283634"	"Uttaranchal"	"TDWGLevel4"	""
"283634"	"Venezuela"	"TDWGLevel4"	""
"283635"	"Uttar Pradesh"	"TDWGLevel4"	""
"283636"	"Philippines"	"TDWGLevel4"	""
"283636"	"Sierra Leone"	"TDWGLevel4"	""
"283636"	"Tanzania"	"TDWGLevel4"	""
"283636"	"West Bengal"	"TDWGLevel4"	""
"283636"	"Zimbabwe"	"TDWGLevel4"	""
"283636"	"Taiwan"	"TDWGLevel4"	""
"283636"	"Nigeria"	"TDWGLevel4"	""
"283636"	"Zambia"	"TDWGLevel4"	""
"283636"	"Angola"	"TDWGLevel4"	""
"283636"	"Madhya Pradesh"	"TDWGLevel4"	""
"283636"	"Kerala"	"TDWGLevel4"	""
"283636"	"Uganda"	"TDWGLevel4"	""
"283636"	"Kenya"	"TDWGLevel4"	""
"283636"	"Ethiopia"	"TDWGLevel4"	""
"283636"	"Eritrea"	"TDWGLevel4"	""
"283636"	"Cameroon"	"TDWGLevel4"	""
"283636"	"Myanmar"	"TDWGLevel4"	""
"283638"	"Madhya Pradesh"	"TDWGLevel4"	""
"283638"	"West Bengal"	"TDWGLevel4"	""
"283640"	"Nigeria"	"TDWGLevel4"	""
"283640"	"Tanzania"	"TDWGLevel4"	""
"283640"	"Uganda"	"TDWGLevel4"	""
"283640"	"Uttar Pradesh"	"TDWGLevel4"	""
"283640"	"West Bengal"	"TDWGLevel4"	""
"283738"	"Mauritius"	"TDWGLevel4"	""
"283739"	"Brunei"	"TDWGLevel4"	""
"286676"	"Philippines"	"TDWGLevel4"	""
"286676"	"Rajasthan"	"TDWGLevel4"	""
"286676"	"Sudan"	"TDWGLevel4"	""
"286676"	"Tanzania"	"TDWGLevel4"	""
"286676"	"Uganda"	"TDWGLevel4"	""
"286676"	"Uttar Pradesh"	"TDWGLevel4"	""
"286676"	"Chandigarh"	"TDWGLevel4"	""
"286676"	"Peninsular Malaysia"	"TDWGLevel4"	""
"286676"	"Zambia"	"TDWGLevel4"	""
"286676"	"Niger"	"TDWGLevel4"	""
"286676"	"Louisiana"	"TDWGLevel4"	""
"286676"	"Karnataka"	"TDWGLevel4"	""
"286676"	"Ghana"	"TDWGLevel4"	""
"286676"	"Andhra Pradesh"	"TDWGLevel4"	""
"286676"	"Denmark"	"TDWGLevel4"	""
"286676"	"Nigeria"	"TDWGLevel4"	""
"286676"	"Ethiopia"	"TDWGLevel4"	""
"292576"	"New Mexico"	"TDWGLevel4"	""
"292579"	"South Australia"	"TDWGLevel4"	""
"292820"	"Great Britain"	"TDWGLevel4"	""
"292820"	"Myanmar"	"TDWGLevel4"	""
"292820"	"New Hampshire"	"TDWGLevel4"	""
"292820"	"New Jersey"	"TDWGLevel4"	""
"292820"	"Saskatchewan"	"TDWGLevel4"	""
"292821"	"France"	"TDWGLevel4"	""
"292821"	"Great Britain"	"TDWGLevel4"	""
"292822"	"Guam"	"TDWGLevel4"	""
"292822"	"Pakistan"	"TDWGLevel4"	""
"292822"	"Andhra Pradesh"	"TDWGLevel4"	""
"292823"	"Uttar Pradesh"	"TDWGLevel4"	""
"292823"	"Bihar"	"TDWGLevel4"	""
"292823"	"Madhya Pradesh"	"TDWGLevel4"	""
"292823"	"Philippines"	"TDWGLevel4"	""
"292823"	"Sabah"	"TDWGLevel4"	""
"301854"	"Great Britain"	"TDWGLevel4"	""
"301854"	"Rajasthan"	"TDWGLevel4"	""
"301854"	"Ethiopia"	"TDWGLevel4"	""
"301854"	"Zaïre"	"TDWGLevel4"	""
"301862"	"Zaïre"	"TDWGLevel4"	""
"301862"	"Sri Lanka"	"TDWGLevel4"	""
"301862"	"Rajasthan"	"TDWGLevel4"	""
"301862"	"Queensland"	"TDWGLevel4"	""
"301862"	"Sabah"	"TDWGLevel4"	""
"301862"	"Sarawak"	"TDWGLevel4"	""
"301862"	"Sierra Leone"	"TDWGLevel4"	""
"301862"	"Tanzania"	"TDWGLevel4"	""
"301862"	"Thailand"	"TDWGLevel4"	""
"301862"	"Trinidad-Tobago"	"TDWGLevel4"	""
"301862"	"Bihar"	"TDWGLevel4"	""
"301862"	"Venezuela"	"TDWGLevel4"	""
"301862"	"Peninsular Malaysia"	"TDWGLevel4"	""
"301862"	"Uttar Pradesh"	"TDWGLevel4"	""
"301862"	"Brunei"	"TDWGLevel4"	""
"301862"	"Cuba"	"TDWGLevel4"	""
"301862"	"Andhra Pradesh"	"TDWGLevel4"	""
"301862"	"Papua New Guinea"	"TDWGLevel4"	""
"301862"	"Fiji"	"TDWGLevel4"	""
"301862"	"Ghana"	"TDWGLevel4"	""
"301862"	"Great Britain"	"TDWGLevel4"	""
"301862"	"Karnataka"	"TDWGLevel4"	""
"301862"	"Kerala"	"TDWGLevel4"	""
"301862"	"Madhya Pradesh"	"TDWGLevel4"	""
"301862"	"Malawi"	"TDWGLevel4"	""
"301862"	"Nigeria"	"TDWGLevel4"	""
"301862"	"Pakistan"	"TDWGLevel4"	""
"301862"	"Hong Kong"	"TDWGLevel4"	""
"301864"	"Great Britain"	"TDWGLevel4"	""
"301864"	"Germany"	"TDWGLevel4"	""
"301869"	"Germany"	"TDWGLevel4"	""
"301870"	"Netherlands"	"TDWGLevel4"	""
"303261"	"Suriname"	"TDWGLevel4"	""
"303262"	"Bahia"	"TDWGLevel4"	""
"304091"	"Germany"	"TDWGLevel4"	""
"304091"	"Mauritius"	"TDWGLevel4"	""
"304092"	"Great Britain"	"TDWGLevel4"	""
"304093"	"Great Britain"	"TDWGLevel4"	""
"305332"	"Assam"	"TDWGLevel4"	""
"305332"	"Uganda"	"TDWGLevel4"	""
"305954"	"Papua New Guinea"	"TDWGLevel4"	""
"307924"	"Amazonas"	"TDWGLevel4"	""
"307924"	"Guyana"	"TDWGLevel4"	""
"307924"	"Pará"	"TDWGLevel4"	""
"307924"	"Philippines"	"TDWGLevel4"	""
"307924"	"Sabah"	"TDWGLevel4"	""
"307924"	"Sarawak"	"TDWGLevel4"	""
"307924"	"Suriname"	"TDWGLevel4"	""
"308735"	"Great Britain"	"TDWGLevel4"	""
"308735"	"Jamaica"	"TDWGLevel4"	""
"308739"	"Great Britain"	"TDWGLevel4"	""
"308739"	"Rio Grande do Sul"	"TDWGLevel4"	""
"309192"	"Zaïre"	"TDWGLevel4"	""
"309193"	"Punjab"	"TDWGLevel4"	""
"309193"	"Maharashtra"	"TDWGLevel4"	""
"309193"	"West Bengal"	"TDWGLevel4"	""
"309193"	"Rajasthan"	"TDWGLevel4"	""
"309193"	"Cuba"	"TDWGLevel4"	""
"309193"	"Karnataka"	"TDWGLevel4"	""
"309193"	"Uttar Pradesh"	"TDWGLevel4"	""
"309193"	"Egypt"	"TDWGLevel4"	""
"309193"	"Madhya Pradesh"	"TDWGLevel4"	""
"309196"	"Great Britain"	"TDWGLevel4"	""
"309196"	"Portugal"	"TDWGLevel4"	""
"309196"	"Uttar Pradesh"	"TDWGLevel4"	""
"309558"	"New York"	"TDWGLevel4"	""
"309558"	"Texas"	"TDWGLevel4"	""
"309558"	"Philippines"	"TDWGLevel4"	""
"309558"	"North Dakota"	"TDWGLevel4"	""
"309558"	"Maryland"	"TDWGLevel4"	""
"309558"	"Florida"	"TDWGLevel4"	""
"309558"	"Ontario"	"TDWGLevel4"	""
"309559"	"Sweden"	"TDWGLevel4"	""
"309560"	"Slovakia"	"TDWGLevel4"	""
"309561"	"North Carolina"	"TDWGLevel4"	""
"309561"	"Great Britain"	"TDWGLevel4"	""
"309561"	"Tennessee"	"TDWGLevel4"	""
"309561"	"Italy"	"TDWGLevel4"	""
"309561"	"Czech Republic"	"TDWGLevel4"	""
"309561"	"New York"	"TDWGLevel4"	""
"309562"	"Czech Republic"	"TDWGLevel4"	""
"309562"	"France"	"TDWGLevel4"	""
"313013"	"Tanzania"	"TDWGLevel4"	""
"313013"	"Uttar Pradesh"	"TDWGLevel4"	""
"315586"	"Uttar Pradesh"	"TDWGLevel4"	""
"315593"	"Great Britain"	"TDWGLevel4"	""
"315680"	"Italy"	"TDWGLevel4"	""
"315685"	"Ghana"	"TDWGLevel4"	""
"315685"	"Nigeria"	"TDWGLevel4"	""
"315685"	"Sierra Leone"	"TDWGLevel4"	""
"315685"	"Uganda"	"TDWGLevel4"	""
"315689"	"Bermuda"	"TDWGLevel4"	""
"315708"	"Great Britain"	"TDWGLevel4"	""
"315708"	"Northern Ireland"	"TDWGLevel4"	""
"315708"	"Czech Republic"	"TDWGLevel4"	""
"315729"	"Great Britain"	"TDWGLevel4"	""
"315729"	"Northern Ireland"	"TDWGLevel4"	""
"315729"	"Czech Republic"	"TDWGLevel4"	""
"315738"	"Nigeria"	"TDWGLevel4"	""
"315766"	"Algeria"	"TDWGLevel4"	""
"315766"	"Taiwan"	"TDWGLevel4"	""
"315766"	"Great Britain"	"TDWGLevel4"	""
"315766"	"Portugal"	"TDWGLevel4"	""
"315768"	"Italy"	"TDWGLevel4"	""
"316081"	"New York"	"TDWGLevel4"	""
"316081"	"Thailand"	"TDWGLevel4"	""
"316081"	"Tanzania"	"TDWGLevel4"	""
"316081"	"Sierra Leone"	"TDWGLevel4"	""
"316081"	"Romania"	"TDWGLevel4"	""
"316081"	"Sarawak"	"TDWGLevel4"	""
"316081"	"Zimbabwe"	"TDWGLevel4"	""
"316081"	"Queensland"	"TDWGLevel4"	""
"316081"	"Peninsular Malaysia"	"TDWGLevel4"	""
"316081"	"Papua New Guinea"	"TDWGLevel4"	""
"316081"	"Pakistan"	"TDWGLevel4"	""
"316081"	"Nigeria"	"TDWGLevel4"	""
"316081"	"Vanuatu"	"TDWGLevel4"	""
"316081"	"Czech Republic"	"TDWGLevel4"	""
"316081"	"Seychelles"	"TDWGLevel4"	""
"316081"	"British Columbia"	"TDWGLevel4"	""
"316081"	"Mauritius"	"TDWGLevel4"	""
"316081"	"Costa Rica"	"TDWGLevel4"	""
"316081"	"Germany"	"TDWGLevel4"	""
"316081"	"Ghana"	"TDWGLevel4"	""
"316081"	"Great Britain"	"TDWGLevel4"	""
"316081"	"Hainan"	"TDWGLevel4"	""
"316081"	"Hong Kong"	"TDWGLevel4"	""
"316081"	"Italy"	"TDWGLevel4"	""
"316081"	"Jamaica"	"TDWGLevel4"	""
"316081"	"Kenya"	"TDWGLevel4"	""
"316081"	"Channel Is."	"TDWGLevel4"	""
"316083"	"Guyana"	"TDWGLevel4"	""
"316084"	"Sarawak"	"TDWGLevel4"	""
"318693"	"Peninsular Malaysia"	"TDWGLevel4"	""
"318693"	"South Solomons"	"TDWGLevel4"	""
"318694"	"Rajasthan"	"TDWGLevel4"	""
"318694"	"Sabah"	"TDWGLevel4"	""
"318695"	"South Solomons"	"TDWGLevel4"	""
"318809"	"Sierra Leone"	"TDWGLevel4"	""
"318809"	"Uttar Pradesh"	"TDWGLevel4"	""
"318809"	"Tanzania"	"TDWGLevel4"	""
"318809"	"West Bengal"	"TDWGLevel4"	""
"318809"	"St.Helena"	"TDWGLevel4"	""
"318809"	"Jamaica"	"TDWGLevel4"	""
"318809"	"Himachal Pradesh"	"TDWGLevel4"	""
"318809"	"Great Britain"	"TDWGLevel4"	""
"318809"	"Ghana"	"TDWGLevel4"	""
"318809"	"Seychelles"	"TDWGLevel4"	""
"318809"	"St.Vincent"	"TDWGLevel4"	""
"320801"	"Kyushu"	"TDWGLevel4"	""
"320804"	"Rajasthan"	"TDWGLevel4"	""
"320804"	"Sri Lanka"	"TDWGLevel4"	""
"322797"	"Uganda"	"TDWGLevel4"	""
"322798"	"Ghana"	"TDWGLevel4"	""
"322798"	"Cameroon"	"TDWGLevel4"	""
"322798"	"Angola"	"TDWGLevel4"	""
"322798"	"Sierra Leone"	"TDWGLevel4"	""
"322799"	"Kerala"	"TDWGLevel4"	""
"322799"	"Madhya Pradesh"	"TDWGLevel4"	""
"322800"	"Madhya Pradesh"	"TDWGLevel4"	""
"322801"	"Philippines"	"TDWGLevel4"	""
"322802"	"Sri Lanka"	"TDWGLevel4"	""
"322873"	"Madhya Pradesh"	"TDWGLevel4"	""
"322873"	"Uttar Pradesh"	"TDWGLevel4"	""
"322875"	"Tanzania"	"TDWGLevel4"	""
"322875"	"Uganda"	"TDWGLevel4"	""
"322879"	"Andhra Pradesh"	"TDWGLevel4"	""
"322879"	"Madhya Pradesh"	"TDWGLevel4"	""
"322879"	"Uttar Pradesh"	"TDWGLevel4"	""
"322879"	"West Bengal"	"TDWGLevel4"	""
"324283"	"Ghana"	"TDWGLevel4"	""
"324283"	"Suriname"	"TDWGLevel4"	""
"324283"	"Trinidad-Tobago"	"TDWGLevel4"	""
"325613"	"Ghana"	"TDWGLevel4"	""
"325620"	"Puerto Rico"	"TDWGLevel4"	""
"325622"	"Madhya Pradesh"	"TDWGLevel4"	""
"325622"	"West Bengal"	"TDWGLevel4"	""
"326278"	"Great Britain"	"TDWGLevel4"	""
"326278"	"Sweden"	"TDWGLevel4"	""
"334900"	"Jordan"	"TDWGLevel4"	""
"334900"	"Spain"	"TDWGLevel4"	""
"335176"	"Germany"	"TDWGLevel4"	""
"335176"	"Great Britain"	"TDWGLevel4"	""
"335176"	"Kansas"	"TDWGLevel4"	""
"335176"	"Uttar Pradesh"	"TDWGLevel4"	""
"335813"	"Sri Lanka"	"TDWGLevel4"	""
"335814"	"South Carolina"	"TDWGLevel4"	""
"338645"	"Rajasthan"	"TDWGLevel4"	""
"340073"	"Florida"	"TDWGLevel4"	""
"340073"	"Maryland"	"TDWGLevel4"	""
"340075"	"Sierra Leone"	"TDWGLevel4"	""
"341121"	"Brunei"	"TDWGLevel4"	""
"341121"	"Suriname"	"TDWGLevel4"	""
"341128"	"Trinidad-Tobago"	"TDWGLevel4"	""
"341136"	"Karnataka"	"TDWGLevel4"	""
"345156"	"Hainan"	"TDWGLevel4"	""
"345156"	"Sri Lanka"	"TDWGLevel4"	""
"355451"	"Sweden"	"TDWGLevel4"	""
"355591"	"Slovenia"	"TDWGLevel4"	""
"355591"	"Netherlands"	"TDWGLevel4"	""
"355591"	"Nigeria"	"TDWGLevel4"	""
"355591"	"Northern Ireland"	"TDWGLevel4"	""
"355591"	"Ontario"	"TDWGLevel4"	""
"355591"	"Pakistan"	"TDWGLevel4"	""
"355591"	"Queensland"	"TDWGLevel4"	""
"355591"	"Sierra Leone"	"TDWGLevel4"	""
"355591"	"Kenya"	"TDWGLevel4"	""
"355591"	"South Carolina"	"TDWGLevel4"	""
"355591"	"Tamil Nadu"	"TDWGLevel4"	""
"355591"	"Tierra del Fuego (Argentina)"	"TDWGLevel4"	""
"355591"	"Sabah"	"TDWGLevel4"	""
"355591"	"Ecuador"	"TDWGLevel4"	""
"355591"	"Andhra Pradesh"	"TDWGLevel4"	""
"355591"	"Channel Is."	"TDWGLevel4"	""
"355591"	"Malawi"	"TDWGLevel4"	""
"355591"	"Denmark"	"TDWGLevel4"	""
"355591"	"Manitoba"	"TDWGLevel4"	""
"355591"	"Great Britain"	"TDWGLevel4"	""
"355591"	"Himachal Pradesh"	"TDWGLevel4"	""
"355591"	"Ireland"	"TDWGLevel4"	""
"355591"	"Italy"	"TDWGLevel4"	""
"355591"	"Jamaica"	"TDWGLevel4"	""
"355591"	"Madhya Pradesh"	"TDWGLevel4"	""
"355591"	"Czech Republic"	"TDWGLevel4"	""
"355851"	"Philippines"	"TDWGLevel4"	""
"358217"	"Papua New Guinea"	"TDWGLevel4"	""
"360144"	"West Bengal"	"TDWGLevel4"	""
"360144"	"Portugal"	"TDWGLevel4"	""
"360144"	"Virginia"	"TDWGLevel4"	""
"360145"	"California"	"TDWGLevel4"	""
"360145"	"Texas"	"TDWGLevel4"	""
"361739"	"Madhya Pradesh"	"TDWGLevel4"	""
"361739"	"Pakistan"	"TDWGLevel4"	""
"361739"	"Philippines"	"TDWGLevel4"	""
"361740"	"Sudan"	"TDWGLevel4"	""
"361742"	"Portugal"	"TDWGLevel4"	""
"361743"	"Nepal"	"TDWGLevel4"	""
"361745"	"Bermuda"	"TDWGLevel4"	""
"361747"	"Northern Ireland"	"TDWGLevel4"	""
"361747"	"Queensland"	"TDWGLevel4"	""
"361747"	"Ireland"	"TDWGLevel4"	""
"361747"	"Costa Rica"	"TDWGLevel4"	""
"361747"	"Channel Is."	"TDWGLevel4"	""
"361747"	"Great Britain"	"TDWGLevel4"	""
"361747"	"Tanzania"	"TDWGLevel4"	""
"362245"	"Madhya Pradesh"	"TDWGLevel4"	""
"362245"	"Costa Rica"	"TDWGLevel4"	""
"431942"	"Colombia"	"TDWGLevel4"	""
"433657"	"Germany"	"TDWGLevel4"	""
"431714"	"Great Britain"	"TDWGLevel4"	""
"383999"	"Honshu"	"TDWGLevel4"	""
"433657"	"Latvia"	"TDWGLevel4"	""
"433657"	"Queensland"	"TDWGLevel4"	""
"433657"	"Romania"	"TDWGLevel4"	""
"433657"	"Portugal"	"TDWGLevel4"	""
"433657"	"Pakistan"	"TDWGLevel4"	""
"433657"	"Nigeria"	"TDWGLevel4"	""
"433657"	"Maharashtra"	"TDWGLevel4"	""
"433657"	"Mauritius"	"TDWGLevel4"	""
"433657"	"Great Britain"	"TDWGLevel4"	""
"433657"	"Hong Kong"	"TDWGLevel4"	""
"433657"	"Italy"	"TDWGLevel4"	""
"412474"	"Taiwan"	"TDWGLevel4"	""
"413073"	"Taiwan"	"TDWGLevel4"	""
"413071"	"Louisiana"	"TDWGLevel4"	""
"413070"	"Pakistan"	"TDWGLevel4"	""
"414952"	"Slovenia"	"TDWGLevel4"	""
"414948"	"Singapore"	"TDWGLevel4"	""
"414952"	"Great Britain"	"TDWGLevel4"	""
"414952"	"Czech Republic"	"TDWGLevel4"	""
"414954"	"Maharashtra"	"TDWGLevel4"	""
"414954"	"Uttar Pradesh"	"TDWGLevel4"	""
"414954"	"Sierra Leone"	"TDWGLevel4"	""
"414954"	"Puerto Rico"	"TDWGLevel4"	""
"414954"	"Seychelles"	"TDWGLevel4"	""
"414954"	"Andhra Pradesh"	"TDWGLevel4"	""
"414954"	"Kerala"	"TDWGLevel4"	""
"414954"	"Bihar"	"TDWGLevel4"	""
"414954"	"Honduras"	"TDWGLevel4"	""
"414954"	"Sabah"	"TDWGLevel4"	""
"414962"	"Tristan da Cunha"	"TDWGLevel4"	""
"414983"	"Northern Ireland"	"TDWGLevel4"	""
"415575"	"Thailand"	"TDWGLevel4"	""
"414962"	"Catamarca"	"TDWGLevel4"	""
"414956"	"Ontario"	"TDWGLevel4"	""
"414955"	"Puerto Rico"	"TDWGLevel4"	""
"415063"	"Finland"	"TDWGLevel4"	""
"414983"	"Great Britain"	"TDWGLevel4"	""
"415604"	"Brunei"	"TDWGLevel4"	""
"415612"	"Pakistan"	"TDWGLevel4"	""
"415807"	"Great Britain"	"TDWGLevel4"	""
"415807"	"Wyoming"	"TDWGLevel4"	""
"415807"	"Sweden"	"TDWGLevel4"	""
"415807"	"Saskatchewan"	"TDWGLevel4"	""
"415807"	"Manitoba"	"TDWGLevel4"	""
"415807"	"Channel Is."	"TDWGLevel4"	""
"415807"	"Iowa"	"TDWGLevel4"	""
"415807"	"Maryland"	"TDWGLevel4"	""
"415807"	"New York"	"TDWGLevel4"	""
"415807"	"North Dakota"	"TDWGLevel4"	""
"500330"	"West Bengal"	"TDWGLevel4"	""
"500330"	"Zambia"	"TDWGLevel4"	""
"500330"	"Mauritius"	"TDWGLevel4"	""
"500330"	"Yunnan"	"TDWGLevel4"	""
"500330"	"Florida"	"TDWGLevel4"	""
"500330"	"Nigeria"	"TDWGLevel4"	""
"500330"	"Biobío"	"TDWGLevel4"	""
"500330"	"New South Wales"	"TDWGLevel4"	""
"500330"	"Georgia"	"TDWGLevel4"	""
"500330"	"Ghana"	"TDWGLevel4"	""
"500330"	"Kansas"	"TDWGLevel4"	""
"500330"	"Kenya"	"TDWGLevel4"	""
"500330"	"Los Lagos"	"TDWGLevel4"	""
"500331"	"Sri Lanka"	"TDWGLevel4"	""
"506134"	"Taiwan"	"TDWGLevel4"	""
"506135"	"Taiwan"	"TDWGLevel4"	""
"506136"	"Taiwan"	"TDWGLevel4"	""
"506137"	"Taiwan"	"TDWGLevel4"	""
"506138"	"Taiwan"	"TDWGLevel4"	""
"506139"	"Taiwan"	"TDWGLevel4"	""
"516639"	"France"	"TDWGLevel4"	""
"516639"	"Great Britain"	"TDWGLevel4"	""
"516640"	"France"	"TDWGLevel4"	""
"516641"	"France"	"TDWGLevel4"	""
"516748"	"Great Britain"	"TDWGLevel4"	""
"518519"	"Sichuan"	"TDWGLevel4"	""
"522256"	"Papua New Guinea"	"TDWGLevel4"	""
"522267"	"New Zealand South"	"TDWGLevel4"	""
"531849"	"Austria"	"TDWGLevel4"	""
"536873"	"Nova Scotia"	"TDWGLevel4"	""
"536873"	"Saskatchewan"	"TDWGLevel4"	""
"538413"	"Taiwan"	"TDWGLevel4"	""
"544992"	"Uganda"	"TDWGLevel4"	""
"544992"	"St.Lucia"	"TDWGLevel4"	""
"544992"	"Sri Lanka"	"TDWGLevel4"	""
"544992"	"Sudan"	"TDWGLevel4"	""
"544992"	"Tanzania"	"TDWGLevel4"	""
"544992"	"Trinidad-Tobago"	"TDWGLevel4"	""
"544992"	"Uttar Pradesh"	"TDWGLevel4"	""
"544992"	"Venezuela"	"TDWGLevel4"	""
"544992"	"Virgin Is."	"TDWGLevel4"	""
"544992"	"Western Australia"	"TDWGLevel4"	""
"544992"	"Yucatán"	"TDWGLevel4"	""
"544992"	"Zaïre"	"TDWGLevel4"	""
"544992"	"Sierra Leone"	"TDWGLevel4"	""
"544992"	"Zambia"	"TDWGLevel4"	""
"544992"	"Hainan"	"TDWGLevel4"	""
"544992"	"Bolivia"	"TDWGLevel4"	""
"544992"	"Bangladesh"	"TDWGLevel4"	""
"544992"	"Cayman Is."	"TDWGLevel4"	""
"544992"	"São Paulo"	"TDWGLevel4"	""
"544992"	"Ghana"	"TDWGLevel4"	""
"544992"	"Kenya"	"TDWGLevel4"	""
"544992"	"Madhya Pradesh"	"TDWGLevel4"	""
"544992"	"Nigeria"	"TDWGLevel4"	""
"544992"	"Panama"	"TDWGLevel4"	""
"544992"	"Papua New Guinea"	"TDWGLevel4"	""
"544992"	"Philippines"	"TDWGLevel4"	""
"544992"	"Queensland"	"TDWGLevel4"	""
"544992"	"Gambia, The"	"TDWGLevel4"	""
"545671"	"Austria"	"TDWGLevel4"	""
"545671"	"British Columbia"	"TDWGLevel4"	""
"545671"	"Florida"	"TDWGLevel4"	""
"545671"	"North Carolina"	"TDWGLevel4"	""
