<eml:eml xmlns:eml="eml://ecoinformatics.org/eml-2.1.1"
	xmlns:md="eml://ecoinformatics.org/methods-2.1.1" 
	xmlns:proj="eml://ecoinformatics.org/project-2.1.1"
	xmlns:d="eml://ecoinformatics.org/dataset-2.1.1" 
	xmlns:res="eml://ecoinformatics.org/resource-2.1.1"
	xmlns:dc="http://purl.org/dc/terms/" 
	xmlns:xsi="http://www.w3.org/2001/XMLSchema-instance"
	xsi:schemaLocation="eml://ecoinformatics.org/eml-2.1.1 http://rs.gbif.org/schema/eml-gbif-profile/dev/eml.xsd"
	packageId="140:2017-09-14"
	system="catalogueoflife.org" 
	scope="system" 
	xml:lang="eng">
	<dataset>
		<alternateIdentifier system="catalogueoflife.org">140</alternateIdentifier>

		<title xml:lang="eng">World Ferns: Checklist of Ferns and Lycophytes of the World in the Catalogue of Life</title>
		
		<creator>
			<organizationName>Species 2000 &amp; ITIS Catalogue of Life</organizationName>
			<address>
				<city>Leiden</city>
				<postalCode>2332 AA</postalCode>
				<country>NL</country>
			</address>
			<onlineUrl>http://www.catalogueoflife.org</onlineUrl>
		</creator>

		<metadataProvider>
			<organizationName>Species 2000 Secretariat</organizationName>
			<address>
				<city>Leiden</city>
				<postalCode>2332 AA</postalCode>
				<country>NL</country>
			</address>
			<onlineUrl>http://www.sp2000.org/</onlineUrl>
		</metadataProvider>

		<associatedParty>
			<individualName>
				<givenName></givenName>
				<surName>Hassler M.</surName>					
			</individualName>
			<role>editor</role>
		</associatedParty>
		
		<pubDate>2017-08-25</pubDate>

		<language>eng</language>
	
		<abstract>
			<para>WorldFerns and WorldPlants are synonymic checklists of the vascular plants of the world (including ferns and lycophytes). The data set has been compiled over the last 20 years by starting from the basic data of the Kew Index and the Index Filicum. These names (roughly 1 million) have been cross-checked against local floras, checklists and treatments. In the current status about 90% of the species names have been verified, and distribution data are available for about 80% of the countries (incomplete only for parts of tropical Africa and Brazil).</para>
		</abstract>
		
		<distribution scope="document">
			<online>
				<url function="information">http://worldplants.webarchiv.kit.edu/ferns/</url>
			</online>
		</distribution>
		
		<contact>
			<organizationName>Species 2000 Secretariat c/o Naturalis</organizationName>
			<address>
				<deliveryPoint>P.O. Box 9517</deliveryPoint>
				<city>Leiden</city>
				<postalCode>2332 AA</postalCode>
				<country>NL</country>
			</address>
			<phone>+31 71 7519362</phone>
			<electronicMailAddress>support@sp2000.org</electronicMailAddress>
		</contact>		
	</dataset>
	
	<additionalMetadata>
		<metadata>
			<gbif>
				<dateStamp>2017-09-14T10:29:03+02:00</dateStamp>
				<citation identifier="http://www.catalogueoflife.org/col/info/cite" >Species 2000 &amp; ITIS Catalogue of Life: 25th August 2017, World Ferns</citation>
				<resourceLogoUrl>http://www.catalogueoflife.org/col/images/databases/World_Ferns.png</resourceLogoUrl>
			</gbif>
			
			<sourceDatabase>
				<abbreviatedName>World Ferns</abbreviatedName>
				<authorsAndEditors>Hassler M.</authorsAndEditors>
				<version>Aug 2017</version>
			</sourceDatabase>
		</metadata>
	</additionalMetadata>
</eml:eml>
