<eml:eml xmlns:eml="eml://ecoinformatics.org/eml-2.1.1"
	xmlns:md="eml://ecoinformatics.org/methods-2.1.1" 
	xmlns:proj="eml://ecoinformatics.org/project-2.1.1"
	xmlns:d="eml://ecoinformatics.org/dataset-2.1.1" 
	xmlns:res="eml://ecoinformatics.org/resource-2.1.1"
	xmlns:dc="http://purl.org/dc/terms/" 
	xmlns:xsi="http://www.w3.org/2001/XMLSchema-instance"
	xsi:schemaLocation="eml://ecoinformatics.org/eml-2.1.1 http://rs.gbif.org/schema/eml-gbif-profile/dev/eml.xsd"
	packageId="119:2017-09-13"
	system="catalogueoflife.org" 
	scope="system" 
	xml:lang="eng">
	<dataset>
		<alternateIdentifier system="catalogueoflife.org">119</alternateIdentifier>

		<title xml:lang="eng">FADA Nematomorpha: World checklist of freshwater Nematomorpha species in the Catalogue of Life</title>
		
		<creator>
			<organizationName>Species 2000 &amp; ITIS Catalogue of Life</organizationName>
			<address>
				<city>Leiden</city>
				<postalCode>2332 AA</postalCode>
				<country>NL</country>
			</address>
			<onlineUrl>http://www.catalogueoflife.org</onlineUrl>
		</creator>

		<metadataProvider>
			<organizationName>Species 2000 Secretariat</organizationName>
			<address>
				<city>Leiden</city>
				<postalCode>2332 AA</postalCode>
				<country>NL</country>
			</address>
			<onlineUrl>http://www.sp2000.org/</onlineUrl>
		</metadataProvider>

		<associatedParty>
			<individualName>
				<givenName></givenName>
				<surName>Schmidt-Rhaesa A.</surName>					
			</individualName>
			<role>editor</role>
		</associatedParty>
		
		<pubDate>2017-08-25</pubDate>

		<language>eng</language>
	
		<abstract>
			<para>The checklist includes a list of all currently known and accepted species of freshwater hairworms (Nematomorpha), assembled in the Freshwater Animal Diversity Assessment (FADA) project. Nematomorpha are parasites of terrestrial (in few cases aquatic) insects. For sexual reproduction, they leave their host by driving it into water and emerging there. Five species are marine, 356 species live in freshwater. Horsehair worms are found in many different aquatic habitats throughout the world.</para>
		</abstract>
		
		<distribution scope="document">
			<online>
				<url function="information">http://fada.biodiversity.be/group/show/7</url>
			</online>
		</distribution>
		
		<contact>
			<organizationName>Species 2000 Secretariat c/o Naturalis</organizationName>
			<address>
				<deliveryPoint>P.O. Box 9517</deliveryPoint>
				<city>Leiden</city>
				<postalCode>2332 AA</postalCode>
				<country>NL</country>
			</address>
			<phone>+31 71 7519362</phone>
			<electronicMailAddress>support@sp2000.org</electronicMailAddress>
		</contact>		
	</dataset>
	
	<additionalMetadata>
		<metadata>
			<gbif>
				<dateStamp>2017-09-13T15:43:38+02:00</dateStamp>
				<citation identifier="http://www.catalogueoflife.org/col/info/cite" >Species 2000 &amp; ITIS Catalogue of Life: 25th August 2017, FADA Nematomorpha</citation>
				<resourceLogoUrl>http://www.catalogueoflife.org/col/images/databases/FADA_Nematomorpha.png</resourceLogoUrl>
			</gbif>
			
			<sourceDatabase>
				<abbreviatedName>FADA Nematomorpha</abbreviatedName>
				<authorsAndEditors>Schmidt-Rhaesa A.</authorsAndEditors>
				<version>Dec 2010</version>
			</sourceDatabase>
		</metadata>
	</additionalMetadata>
</eml:eml>
