<archive
 	metadata="eml.xml"
	xmlns='http://rs.tdwg.org/dwc/text/'
    xmlns:xsi='http://www.w3.org/2001/XMLSchema-instance'
    xsi:schemaLocation='http://rs.tdwg.org/dwc/text/ http://rs.tdwg.org/dwc/text/tdwg_dwc_text.xsd'>

    <core encoding='UTF-8' fieldsEnclosedBy='' fieldsTerminatedBy='\t' linesTerminatedBy='\n' ignoreHeaderLines='1' rowType='http://rs.tdwg.org/dwc/terms/Taxon'>
        <files>
            <location>taxa.txt</location>
        </files>
        <id index='0' />
        <field index="0" term="http://rs.tdwg.org/dwc/terms/taxonID"/>
        <field index='1' term='http://rs.tdwg.org/dwc/terms/parentNameUsageID'/>
        <field index='2' term='http://rs.tdwg.org/dwc/terms/taxonRank'/>
        <field index='3' term='http://rs.tdwg.org/dwc/terms/scientificName'/>
        <field index='4' term='http://rs.col.plus/terms/speciesEstimate'/>
        <field index='5' term='http://rs.col.plus/terms/speciesEstimateReference'/>
        <field default='accepted' term='http://rs.tdwg.org/dwc/terms/taxonomicStatus'/>
    </core>

</archive>
