<eml:eml xmlns:eml="eml://ecoinformatics.org/eml-2.1.1"
	xmlns:md="eml://ecoinformatics.org/methods-2.1.1" 
	xmlns:proj="eml://ecoinformatics.org/project-2.1.1"
	xmlns:d="eml://ecoinformatics.org/dataset-2.1.1" 
	xmlns:res="eml://ecoinformatics.org/resource-2.1.1"
	xmlns:dc="http://purl.org/dc/terms/" 
	xmlns:xsi="http://www.w3.org/2001/XMLSchema-instance"
	xsi:schemaLocation="eml://ecoinformatics.org/eml-2.1.1 http://rs.gbif.org/schema/eml-gbif-profile/dev/eml.xsd"
	packageId="79:2017-09-13"
	system="catalogueoflife.org" 
	scope="system" 
	xml:lang="eng">
	<dataset>
		<alternateIdentifier system="catalogueoflife.org">79</alternateIdentifier>

		<title xml:lang="eng">LIAS: A Global Information System for Lichenized and Non-Lichenized Ascomycetes in the Catalogue of Life</title>
		
		<creator>
			<organizationName>Species 2000 &amp; ITIS Catalogue of Life</organizationName>
			<address>
				<city>Leiden</city>
				<postalCode>2332 AA</postalCode>
				<country>NL</country>
			</address>
			<onlineUrl>http://www.catalogueoflife.org</onlineUrl>
		</creator>

		<metadataProvider>
			<organizationName>Species 2000 Secretariat</organizationName>
			<address>
				<city>Leiden</city>
				<postalCode>2332 AA</postalCode>
				<country>NL</country>
			</address>
			<onlineUrl>http://www.sp2000.org/</onlineUrl>
		</metadataProvider>

		<associatedParty>
			<individualName>
				<givenName></givenName>
				<surName>Rambold G. (lead editor; for detailed information see http://liaslight.lias.net/About/Impressum.html and http://liasnames.lias.net/About/Impressum.html)</surName>					
			</individualName>
			<role>editor</role>
		</associatedParty>
		
		<pubDate>2017-08-25</pubDate>

		<language>eng</language>
	
		<abstract>
			<para>LIAS is a multi-authored information system for the collection and distribution of descriptive and other biodiversity data on lichens and selected groups of non-lichenized ascomycetes. LIAS is a long-term designed project with the final goal to comprise global data – estimates for the total number of lichen species worldwide range between 13.500 and 20.000. As GSD for Lichens LIAS is delivering combined data from LIAS light at http://liaslight.lias.net and LIAS names at http://liasnames.lias.net.</para>
		</abstract>
		
		<distribution scope="document">
			<online>
				<url function="information">http://www.lias.net</url>
			</online>
		</distribution>
		
		<contact>
			<organizationName>Species 2000 Secretariat c/o Naturalis</organizationName>
			<address>
				<deliveryPoint>P.O. Box 9517</deliveryPoint>
				<city>Leiden</city>
				<postalCode>2332 AA</postalCode>
				<country>NL</country>
			</address>
			<phone>+31 71 7519362</phone>
			<electronicMailAddress>support@sp2000.org</electronicMailAddress>
		</contact>		
	</dataset>
	
	<additionalMetadata>
		<metadata>
			<gbif>
				<dateStamp>2017-09-13T17:01:21+02:00</dateStamp>
				<citation identifier="http://www.catalogueoflife.org/col/info/cite" >Species 2000 &amp; ITIS Catalogue of Life: 25th August 2017, LIAS</citation>
				<resourceLogoUrl>http://www.catalogueoflife.org/col/images/databases/LIAS.png</resourceLogoUrl>
			</gbif>
			
			<sourceDatabase>
				<abbreviatedName>LIAS</abbreviatedName>
				<authorsAndEditors>Rambold G. (lead editor; for detailed information see http://liaslight.lias.net/About/Impressum.html and http://liasnames.lias.net/About/Impressum.html)</authorsAndEditors>
				<version>Dec 2015</version>
			</sourceDatabase>
		</metadata>
	</additionalMetadata>
</eml:eml>
