<eml:eml xmlns:eml="eml://ecoinformatics.org/eml-2.1.1"
	xmlns:md="eml://ecoinformatics.org/methods-2.1.1" 
	xmlns:proj="eml://ecoinformatics.org/project-2.1.1"
	xmlns:d="eml://ecoinformatics.org/dataset-2.1.1" 
	xmlns:res="eml://ecoinformatics.org/resource-2.1.1"
	xmlns:dc="http://purl.org/dc/terms/" 
	xmlns:xsi="http://www.w3.org/2001/XMLSchema-instance"
	xsi:schemaLocation="eml://ecoinformatics.org/eml-2.1.1 http://rs.gbif.org/schema/eml-gbif-profile/dev/eml.xsd"
	packageId="120:2017-09-13"
	system="catalogueoflife.org" 
	scope="system" 
	xml:lang="eng">
	<dataset>
		<alternateIdentifier system="catalogueoflife.org">120</alternateIdentifier>

		<title xml:lang="eng">FADA Ephemeroptera: World checklist of freshwater Ephemeroptera species in the Catalogue of Life</title>
		
		<creator>
			<organizationName>Species 2000 &amp; ITIS Catalogue of Life</organizationName>
			<address>
				<city>Leiden</city>
				<postalCode>2332 AA</postalCode>
				<country>NL</country>
			</address>
			<onlineUrl>http://www.catalogueoflife.org</onlineUrl>
		</creator>

		<metadataProvider>
			<organizationName>Species 2000 Secretariat</organizationName>
			<address>
				<city>Leiden</city>
				<postalCode>2332 AA</postalCode>
				<country>NL</country>
			</address>
			<onlineUrl>http://www.sp2000.org/</onlineUrl>
		</metadataProvider>

		<associatedParty>
			<individualName>
				<givenName></givenName>
				<surName>Barber-James H., Sartori M., Gattolliat J.-L. &amp;  Webb J.</surName>					
			</individualName>
			<role>editor</role>
		</associatedParty>
		
		<pubDate>2017-08-25</pubDate>

		<language>eng</language>
	
		<abstract>
			<para>The checklist is supplied for the Catalogue of Life by FADA project. FADA, the Freshwater Animal Diversity Assessment is an informal network of scientists specialized in freshwater biodiversity. Barber-James, H., Sartori, M., Gattolliat, J-L. and J. Webb, 2013 Jan 21, World checklist of freshwater Ephemeroptera species. World Wide Web electronic publication. Available online at http://fada.biodiversity.be/group/show/35 [date accessed].</para>
		</abstract>
		
		<distribution scope="document">
			<online>
				<url function="information">http://fada.biodiversity.be/group/show/35</url>
			</online>
		</distribution>
		
		<contact>
			<organizationName>Species 2000 Secretariat c/o Naturalis</organizationName>
			<address>
				<deliveryPoint>P.O. Box 9517</deliveryPoint>
				<city>Leiden</city>
				<postalCode>2332 AA</postalCode>
				<country>NL</country>
			</address>
			<phone>+31 71 7519362</phone>
			<electronicMailAddress>support@sp2000.org</electronicMailAddress>
		</contact>		
	</dataset>
	
	<additionalMetadata>
		<metadata>
			<gbif>
				<dateStamp>2017-09-13T15:42:47+02:00</dateStamp>
				<citation identifier="http://www.catalogueoflife.org/col/info/cite" >Species 2000 &amp; ITIS Catalogue of Life: 25th August 2017, FADA Ephemeroptera</citation>
				<resourceLogoUrl>http://www.catalogueoflife.org/col/images/databases/FADA_Ephemeroptera.png</resourceLogoUrl>
			</gbif>
			
			<sourceDatabase>
				<abbreviatedName>FADA Ephemeroptera</abbreviatedName>
				<authorsAndEditors>Barber-James H., Sartori M., Gattolliat J.-L. &amp;  Webb J.</authorsAndEditors>
				<version>Feb 2013</version>
			</sourceDatabase>
		</metadata>
	</additionalMetadata>
</eml:eml>
