<eml:eml xmlns:eml="eml://ecoinformatics.org/eml-2.1.1"
	xmlns:md="eml://ecoinformatics.org/methods-2.1.1" 
	xmlns:proj="eml://ecoinformatics.org/project-2.1.1"
	xmlns:d="eml://ecoinformatics.org/dataset-2.1.1" 
	xmlns:res="eml://ecoinformatics.org/resource-2.1.1"
	xmlns:dc="http://purl.org/dc/terms/" 
	xmlns:xsi="http://www.w3.org/2001/XMLSchema-instance"
	xsi:schemaLocation="eml://ecoinformatics.org/eml-2.1.1 http://rs.gbif.org/schema/eml-gbif-profile/dev/eml.xsd"
	packageId="96:2017-09-13"
	system="catalogueoflife.org" 
	scope="system" 
	xml:lang="eng">
	<dataset>
		<alternateIdentifier system="catalogueoflife.org">96</alternateIdentifier>

		<title xml:lang="eng">MOWD: Membracoidea of the World Database in the Catalogue of Life</title>
		
		<creator>
			<organizationName>Species 2000 &amp; ITIS Catalogue of Life</organizationName>
			<address>
				<city>Leiden</city>
				<postalCode>2332 AA</postalCode>
				<country>NL</country>
			</address>
			<onlineUrl>http://www.catalogueoflife.org</onlineUrl>
		</creator>

		<metadataProvider>
			<organizationName>Species 2000 Secretariat</organizationName>
			<address>
				<city>Leiden</city>
				<postalCode>2332 AA</postalCode>
				<country>NL</country>
			</address>
			<onlineUrl>http://www.sp2000.org/</onlineUrl>
		</metadataProvider>

		<associatedParty>
			<individualName>
				<givenName></givenName>
				<surName>McKamey S.</surName>					
			</individualName>
			<role>editor</role>
		</associatedParty>
		
		<pubDate>2017-08-25</pubDate>

		<language>eng</language>
	
		<abstract>
			<para>MOWD includes almost all valid names of Membracoidea worldwide. Synonyms and unpublished combinations will be added later. MOWD also includes country distributions of all species. In the original species description citations (1758-1955), letter designations refer to the Catalogue of the Homoptera, available online (www.lib.ncsu.edu/specialcollections/digital/metcalf/index.html). MOWD was developed and is maintained by Dr. Stuart McKamey, with some financial assistance from Dr. Christopher Dietrich (Illinois Natural History Survey).</para>
		</abstract>
		
		<distribution scope="document">
			<online>
				<url function="information"></url>
			</online>
		</distribution>
		
		<contact>
			<organizationName>Species 2000 Secretariat c/o Naturalis</organizationName>
			<address>
				<deliveryPoint>P.O. Box 9517</deliveryPoint>
				<city>Leiden</city>
				<postalCode>2332 AA</postalCode>
				<country>NL</country>
			</address>
			<phone>+31 71 7519362</phone>
			<electronicMailAddress>support@sp2000.org</electronicMailAddress>
		</contact>		
	</dataset>
	
	<additionalMetadata>
		<metadata>
			<gbif>
				<dateStamp>2017-09-13T17:09:32+02:00</dateStamp>
				<citation identifier="http://www.catalogueoflife.org/col/info/cite" >Species 2000 &amp; ITIS Catalogue of Life: 25th August 2017, MOWD</citation>
				<resourceLogoUrl>http://www.catalogueoflife.org/col/images/databases/MOWD.png</resourceLogoUrl>
			</gbif>
			
			<sourceDatabase>
				<abbreviatedName>MOWD</abbreviatedName>
				<authorsAndEditors>McKamey S.</authorsAndEditors>
				<version>1011, Nov 2010</version>
			</sourceDatabase>
		</metadata>
	</additionalMetadata>
</eml:eml>
