<eml:eml xmlns:eml="eml://ecoinformatics.org/eml-2.1.1"
	xmlns:md="eml://ecoinformatics.org/methods-2.1.1" 
	xmlns:proj="eml://ecoinformatics.org/project-2.1.1"
	xmlns:d="eml://ecoinformatics.org/dataset-2.1.1" 
	xmlns:res="eml://ecoinformatics.org/resource-2.1.1"
	xmlns:dc="http://purl.org/dc/terms/" 
	xmlns:xsi="http://www.w3.org/2001/XMLSchema-instance"
	xsi:schemaLocation="eml://ecoinformatics.org/eml-2.1.1 http://rs.gbif.org/schema/eml-gbif-profile/dev/eml.xsd"
	packageId="153:2017-09-14"
	system="catalogueoflife.org" 
	scope="system" 
	xml:lang="eng">
	<dataset>
		<alternateIdentifier system="catalogueoflife.org">153</alternateIdentifier>

		<title xml:lang="eng">WoRMS Kinorhyncha: World list of Kinorhyncha in the Catalogue of Life</title>
		
		<creator>
			<organizationName>Species 2000 &amp; ITIS Catalogue of Life</organizationName>
			<address>
				<city>Leiden</city>
				<postalCode>2332 AA</postalCode>
				<country>NL</country>
			</address>
			<onlineUrl>http://www.catalogueoflife.org</onlineUrl>
		</creator>

		<metadataProvider>
			<organizationName>Species 2000 Secretariat</organizationName>
			<address>
				<city>Leiden</city>
				<postalCode>2332 AA</postalCode>
				<country>NL</country>
			</address>
			<onlineUrl>http://www.sp2000.org/</onlineUrl>
		</metadataProvider>

		<associatedParty>
			<individualName>
				<givenName></givenName>
				<surName>Neuhaus B. .</surName>					
			</individualName>
			<role>editor</role>
		</associatedParty>
		
		<pubDate>2017-08-25</pubDate>

		<language>eng</language>
	
		<abstract>
			<para>Kinorhyncha (= Echinodera) is a taxon of marine animals ranging in size from 0.13-1.04 mm body length. The animals live in muddy to sandy sediments or appear on algae and invertebrates from the intertidal zone to the deep sea. Kinorhyncha feeds on bacteria, algae, diatoms, and detritus. Some 200+ species have been described  based on descriptions from adult stages plus 50 species based on the description from juvenile stages. Species known only from juvenile stages are generally regarded as nomina dubia, but names are available and valid according to the International Code of Zoological Nomenclature. The species are grouped in two subtaxa, namely Cyclorhagida and Homalorhagida. Further subdivision is in 22 genera using as distinguishing characters a) habitus, b) arrangement, shape and surface structure of cuticular plates, c) size, shape and arrangement of inner and outer oral styles as well as of scalids, and d) size, shape and distribution of spines, sensory spots, gland cell outlets and papillae.</para>
		</abstract>
		
		<distribution scope="document">
			<online>
				<url function="information">http://www.marinespecies.org</url>
			</online>
		</distribution>
		
		<contact>
			<organizationName>Species 2000 Secretariat c/o Naturalis</organizationName>
			<address>
				<deliveryPoint>P.O. Box 9517</deliveryPoint>
				<city>Leiden</city>
				<postalCode>2332 AA</postalCode>
				<country>NL</country>
			</address>
			<phone>+31 71 7519362</phone>
			<electronicMailAddress>support@sp2000.org</electronicMailAddress>
		</contact>		
	</dataset>
	
	<additionalMetadata>
		<metadata>
			<gbif>
				<dateStamp>2017-09-14T11:31:48+02:00</dateStamp>
				<citation identifier="http://www.catalogueoflife.org/col/info/cite" >Species 2000 &amp; ITIS Catalogue of Life: 25th August 2017, WoRMS Kinorhyncha</citation>
				<resourceLogoUrl>http://www.catalogueoflife.org/col/images/databases/WoRMS_Kinorhyncha.png</resourceLogoUrl>
			</gbif>
			
			<sourceDatabase>
				<abbreviatedName>WoRMS Kinorhyncha</abbreviatedName>
				<authorsAndEditors>Neuhaus B. .</authorsAndEditors>
				<version>2017-08-01</version>
			</sourceDatabase>
		</metadata>
	</additionalMetadata>
</eml:eml>
