<eml:eml xmlns:eml="eml://ecoinformatics.org/eml-2.1.1"
	xmlns:md="eml://ecoinformatics.org/methods-2.1.1" 
	xmlns:proj="eml://ecoinformatics.org/project-2.1.1"
	xmlns:d="eml://ecoinformatics.org/dataset-2.1.1" 
	xmlns:res="eml://ecoinformatics.org/resource-2.1.1"
	xmlns:dc="http://purl.org/dc/terms/" 
	xmlns:xsi="http://www.w3.org/2001/XMLSchema-instance"
	xsi:schemaLocation="eml://ecoinformatics.org/eml-2.1.1 http://rs.gbif.org/schema/eml-gbif-profile/dev/eml.xsd"
	packageId="89:2017-09-13"
	system="catalogueoflife.org" 
	scope="system" 
	xml:lang="eng">
	<dataset>
		<alternateIdentifier system="catalogueoflife.org">89</alternateIdentifier>

		<title xml:lang="eng">EmbiopteraSF: Embioptera Species File in the Catalogue of Life</title>
		
		<creator>
			<organizationName>Species 2000 &amp; ITIS Catalogue of Life</organizationName>
			<address>
				<city>Leiden</city>
				<postalCode>2332 AA</postalCode>
				<country>NL</country>
			</address>
			<onlineUrl>http://www.catalogueoflife.org</onlineUrl>
		</creator>

		<metadataProvider>
			<organizationName>Species 2000 Secretariat</organizationName>
			<address>
				<city>Leiden</city>
				<postalCode>2332 AA</postalCode>
				<country>NL</country>
			</address>
			<onlineUrl>http://www.sp2000.org/</onlineUrl>
		</metadataProvider>

		<associatedParty>
			<individualName>
				<givenName></givenName>
				<surName>Maehr M.D. &amp; Eades D.C.</surName>					
			</individualName>
			<role>editor</role>
		</associatedParty>
		
		<pubDate>2017-08-25</pubDate>

		<language>eng</language>
	
		<abstract>
			<para>The Embioptera Species File is a taxonomic database of the scientific names of the world&amp;#039;s webspinners (Order Embioptera = Embiidina = Embiodea). The goal of EmbiopteraSF is to foster research and learning on webspinners, while increasing our understanding of the world&amp;#039;s biodiversity. The EmbiopteraSF has information for approximately 400 valid species and 600 total names. Both extinct and extant species are included. Type specimen information is currently available on over half the species. Plans are under development for adding images, distributions and ecological information.</para>
		</abstract>
		
		<distribution scope="document">
			<online>
				<url function="information">http://embioptera.speciesfile.org</url>
			</online>
		</distribution>
		
		<contact>
			<organizationName>Species 2000 Secretariat c/o Naturalis</organizationName>
			<address>
				<deliveryPoint>P.O. Box 9517</deliveryPoint>
				<city>Leiden</city>
				<postalCode>2332 AA</postalCode>
				<country>NL</country>
			</address>
			<phone>+31 71 7519362</phone>
			<electronicMailAddress>support@sp2000.org</electronicMailAddress>
		</contact>		
	</dataset>
	
	<additionalMetadata>
		<metadata>
			<gbif>
				<dateStamp>2017-09-13T15:41:47+02:00</dateStamp>
				<citation identifier="http://www.catalogueoflife.org/col/info/cite" >Species 2000 &amp; ITIS Catalogue of Life: 25th August 2017, EmbiopteraSF</citation>
				<resourceLogoUrl>http://www.catalogueoflife.org/col/images/databases/EmbiopteraSF.png</resourceLogoUrl>
			</gbif>
			
			<sourceDatabase>
				<abbreviatedName>EmbiopteraSF</abbreviatedName>
				<authorsAndEditors>Maehr M.D. &amp; Eades D.C.</authorsAndEditors>
				<version>5.0, Jun 2017</version>
			</sourceDatabase>
		</metadata>
	</additionalMetadata>
</eml:eml>
