<eml:eml xmlns:eml="eml://ecoinformatics.org/eml-2.1.1"
	xmlns:md="eml://ecoinformatics.org/methods-2.1.1" 
	xmlns:proj="eml://ecoinformatics.org/project-2.1.1"
	xmlns:d="eml://ecoinformatics.org/dataset-2.1.1" 
	xmlns:res="eml://ecoinformatics.org/resource-2.1.1"
	xmlns:dc="http://purl.org/dc/terms/" 
	xmlns:xsi="http://www.w3.org/2001/XMLSchema-instance"
	xsi:schemaLocation="eml://ecoinformatics.org/eml-2.1.1 http://rs.gbif.org/schema/eml-gbif-profile/dev/eml.xsd"
	packageId="25:2017-09-13"
	system="catalogueoflife.org" 
	scope="system" 
	xml:lang="eng">
	<dataset>
		<alternateIdentifier system="catalogueoflife.org">25</alternateIdentifier>

		<title xml:lang="eng">Rhytismatales in the Catalogue of Life</title>
		
		<creator>
			<organizationName>Species 2000 &amp; ITIS Catalogue of Life</organizationName>
			<address>
				<city>Leiden</city>
				<postalCode>2332 AA</postalCode>
				<country>NL</country>
			</address>
			<onlineUrl>http://www.catalogueoflife.org</onlineUrl>
		</creator>

		<metadataProvider>
			<organizationName>Species 2000 Secretariat</organizationName>
			<address>
				<city>Leiden</city>
				<postalCode>2332 AA</postalCode>
				<country>NL</country>
			</address>
			<onlineUrl>http://www.sp2000.org/</onlineUrl>
		</metadataProvider>

		<associatedParty>
			<individualName>
				<givenName></givenName>
				<surName>Minter D.W.</surName>					
			</individualName>
			<role>editor</role>
		</associatedParty>
		
		<pubDate>2017-08-25</pubDate>

		<language>eng</language>
	
		<abstract>
			<para>The Rhytismatales, commonly referred to as ‘tar-spot’ fungi, are facultatively biotrophic, necrotrophic or saprobic on leaves and bark, sometimes also fruits, seeds and wood, frequently beginning as symptomless endobionts, later fruiting when the substratum has died. Those causing economic damage as needle diseases in conifers are the least poorly known. Their positive value as nutrient recyclers, and their possible protective role as endobionts is almost completely unevaluated. Most records are from the north temperate to subarctic zones, or from southern South America and Australasia; many collections are on conifers, the Ericaceae and Gramineae. Some species are widespread and plurivorous; others highly host-specific and limited in distribution.</para>
		</abstract>
		
		<distribution scope="document">
			<online>
				<url function="information">http://www.speciesfungorum.org</url>
			</online>
		</distribution>
		
		<contact>
			<organizationName>Species 2000 Secretariat c/o Naturalis</organizationName>
			<address>
				<deliveryPoint>P.O. Box 9517</deliveryPoint>
				<city>Leiden</city>
				<postalCode>2332 AA</postalCode>
				<country>NL</country>
			</address>
			<phone>+31 71 7519362</phone>
			<electronicMailAddress>support@sp2000.org</electronicMailAddress>
		</contact>		
	</dataset>
	
	<additionalMetadata>
		<metadata>
			<gbif>
				<dateStamp>2017-09-13T17:36:49+02:00</dateStamp>
				<citation identifier="http://www.catalogueoflife.org/col/info/cite" >Species 2000 &amp; ITIS Catalogue of Life: 25th August 2017, Rhytismatales</citation>
				<resourceLogoUrl>http://www.catalogueoflife.org/col/images/databases/Rhytismatales.png</resourceLogoUrl>
			</gbif>
			
			<sourceDatabase>
				<abbreviatedName>Rhytismatales</abbreviatedName>
				<authorsAndEditors>Minter D.W.</authorsAndEditors>
				<version>Jan 2016</version>
			</sourceDatabase>
		</metadata>
	</additionalMetadata>
</eml:eml>
