<eml:eml xmlns:eml="eml://ecoinformatics.org/eml-2.1.1"
	xmlns:md="eml://ecoinformatics.org/methods-2.1.1" 
	xmlns:proj="eml://ecoinformatics.org/project-2.1.1"
	xmlns:d="eml://ecoinformatics.org/dataset-2.1.1" 
	xmlns:res="eml://ecoinformatics.org/resource-2.1.1"
	xmlns:dc="http://purl.org/dc/terms/" 
	xmlns:xsi="http://www.w3.org/2001/XMLSchema-instance"
	xsi:schemaLocation="eml://ecoinformatics.org/eml-2.1.1 http://rs.gbif.org/schema/eml-gbif-profile/dev/eml.xsd"
	packageId="24:2017-09-14"
	system="catalogueoflife.org" 
	scope="system" 
	xml:lang="eng">
	<dataset>
		<alternateIdentifier system="catalogueoflife.org">24</alternateIdentifier>

		<title xml:lang="eng">WCSP: World Checklist of Selected Plant Families in the Catalogue of Life</title>
		
		<creator>
			<organizationName>Species 2000 &amp; ITIS Catalogue of Life</organizationName>
			<address>
				<city>Leiden</city>
				<postalCode>2332 AA</postalCode>
				<country>NL</country>
			</address>
			<onlineUrl>http://www.catalogueoflife.org</onlineUrl>
		</creator>

		<metadataProvider>
			<organizationName>Species 2000 Secretariat</organizationName>
			<address>
				<city>Leiden</city>
				<postalCode>2332 AA</postalCode>
				<country>NL</country>
			</address>
			<onlineUrl>http://www.sp2000.org/</onlineUrl>
		</metadataProvider>

		<associatedParty>
			<individualName>
				<givenName></givenName>
				<surName>Govaerts R. (ed). For a full list of reviewers see: http://apps.kew.org/wcsp/compilersReviewers.do</surName>					
			</individualName>
			<role>editor</role>
		</associatedParty>
		
		<pubDate>2017-08-25</pubDate>

		<language>eng</language>
	
		<abstract>
			<para>These global plant family checklists are facilitated by the Royal Botanic Gardens, Kew. Each family checklist aims to provide the correct scientific name and includes all known published and accepted species and infraspecific taxa with their synonyms. They include the global distribution both in a narrative form and as the Botanical country codes as defined by the Taxonomic Databases Working Group. Pertinent nomenclatural and other comments as well as life-forms are included. All data have been peer reviewed by nomenclatural, taxonomic and regional experts from accross the world. Poaceae data is derived from Grassbase - the online world grassflora, W.D. Clayton, K.T. Harman &amp;amp; H. Williamson (www.kew.org/data/grasses-db.html).</para>
		</abstract>
		
		<distribution scope="document">
			<online>
				<url function="information">http://apps.kew.org/wcsp/</url>
			</online>
		</distribution>
		
		<contact>
			<organizationName>Species 2000 Secretariat c/o Naturalis</organizationName>
			<address>
				<deliveryPoint>P.O. Box 9517</deliveryPoint>
				<city>Leiden</city>
				<postalCode>2332 AA</postalCode>
				<country>NL</country>
			</address>
			<phone>+31 71 7519362</phone>
			<electronicMailAddress>support@sp2000.org</electronicMailAddress>
		</contact>		
	</dataset>
	
	<additionalMetadata>
		<metadata>
			<gbif>
				<dateStamp>2017-09-14T10:01:15+02:00</dateStamp>
				<citation identifier="http://www.catalogueoflife.org/col/info/cite" >Species 2000 &amp; ITIS Catalogue of Life: 25th August 2017, WCSP</citation>
				<resourceLogoUrl>http://www.catalogueoflife.org/col/images/databases/WCSP.png</resourceLogoUrl>
			</gbif>
			
			<sourceDatabase>
				<abbreviatedName>WCSP</abbreviatedName>
				<authorsAndEditors>Govaerts R. (ed). For a full list of reviewers see: http://apps.kew.org/wcsp/compilersReviewers.do</authorsAndEditors>
				<version>Sep 2014</version>
			</sourceDatabase>
		</metadata>
	</additionalMetadata>
</eml:eml>
