<eml:eml xmlns:eml="eml://ecoinformatics.org/eml-2.1.1"
	xmlns:md="eml://ecoinformatics.org/methods-2.1.1" 
	xmlns:proj="eml://ecoinformatics.org/project-2.1.1"
	xmlns:d="eml://ecoinformatics.org/dataset-2.1.1" 
	xmlns:res="eml://ecoinformatics.org/resource-2.1.1"
	xmlns:dc="http://purl.org/dc/terms/" 
	xmlns:xsi="http://www.w3.org/2001/XMLSchema-instance"
	xsi:schemaLocation="eml://ecoinformatics.org/eml-2.1.1 http://rs.gbif.org/schema/eml-gbif-profile/dev/eml.xsd"
	packageId="10:2017-09-13"
	system="catalogueoflife.org" 
	scope="system" 
	xml:lang="eng">
	<dataset>
		<alternateIdentifier system="catalogueoflife.org">10</alternateIdentifier>

		<title xml:lang="eng">FishBase in the Catalogue of Life</title>
		
		<creator>
			<organizationName>Species 2000 &amp; ITIS Catalogue of Life</organizationName>
			<address>
				<city>Leiden</city>
				<postalCode>2332 AA</postalCode>
				<country>NL</country>
			</address>
			<onlineUrl>http://www.catalogueoflife.org</onlineUrl>
		</creator>

		<metadataProvider>
			<organizationName>Species 2000 Secretariat</organizationName>
			<address>
				<city>Leiden</city>
				<postalCode>2332 AA</postalCode>
				<country>NL</country>
			</address>
			<onlineUrl>http://www.sp2000.org/</onlineUrl>
		</metadataProvider>

		<associatedParty>
			<individualName>
				<givenName></givenName>
				<surName>Froese R. &amp; Pauly D. (eds)</surName>					
			</individualName>
			<role>editor</role>
		</associatedParty>
		
		<pubDate>2017-08-25</pubDate>

		<language>eng</language>
	
		<abstract>
			<para>FishBase is a global information system with extensive information on all species and subspecies of fish. In addition to the data contributed to the Catalogue of Life, the original FishBase database also includes descriptive, biological, ecological, physiological and conservation data and more, and onward links to information in many other databases. Data entry and maintenance is done mainly at the FishBase Information and Research Group, Inc. (FIN) in the Philippines since the 1st January 2011 in collaboration with many colleagues and institutions around the world. The team was previously hosted in WorldFish since the start in 1990 (formerly ICLARM then called WorldFish Center between 2001-2013, and now WorldFish since 2013). FishBase is supported by a Consortium of nine institutions around the world that acts as the Scientific Committee for FIN.  FishBase is funded mainly by the European Commission, and by several other donors. FishBase uses data and information from the Catalog of Fishes (CofF) developed by W.N. Eschmeyer at the California Academy of Science. In particular, FishBase uses CofF as the most complete and up-to-date fish nomenclator, and as a taxonomic authority list in a collaborative work of synchronization of the two databases.</para>
		</abstract>
		
		<distribution scope="document">
			<online>
				<url function="information">http://www.fishbase.org</url>
			</online>
		</distribution>
		
		<contact>
			<organizationName>Species 2000 Secretariat c/o Naturalis</organizationName>
			<address>
				<deliveryPoint>P.O. Box 9517</deliveryPoint>
				<city>Leiden</city>
				<postalCode>2332 AA</postalCode>
				<country>NL</country>
			</address>
			<phone>+31 71 7519362</phone>
			<electronicMailAddress>support@sp2000.org</electronicMailAddress>
		</contact>		
	</dataset>
	
	<additionalMetadata>
		<metadata>
			<gbif>
				<dateStamp>2017-09-13T15:45:02+02:00</dateStamp>
				<citation identifier="http://www.catalogueoflife.org/col/info/cite" >Species 2000 &amp; ITIS Catalogue of Life: 25th August 2017, FishBase</citation>
				<resourceLogoUrl>http://www.catalogueoflife.org/col/images/databases/FishBase.png</resourceLogoUrl>
			</gbif>
			
			<sourceDatabase>
				<abbreviatedName>FishBase</abbreviatedName>
				<authorsAndEditors>Froese R. &amp; Pauly D. (eds)</authorsAndEditors>
				<version>Jun 2017</version>
			</sourceDatabase>
		</metadata>
	</additionalMetadata>
</eml:eml>
