<eml:eml xmlns:eml="eml://ecoinformatics.org/eml-2.1.1"
	xmlns:md="eml://ecoinformatics.org/methods-2.1.1" 
	xmlns:proj="eml://ecoinformatics.org/project-2.1.1"
	xmlns:d="eml://ecoinformatics.org/dataset-2.1.1" 
	xmlns:res="eml://ecoinformatics.org/resource-2.1.1"
	xmlns:dc="http://purl.org/dc/terms/" 
	xmlns:xsi="http://www.w3.org/2001/XMLSchema-instance"
	xsi:schemaLocation="eml://ecoinformatics.org/eml-2.1.1 http://rs.gbif.org/schema/eml-gbif-profile/dev/eml.xsd"
	packageId="57:2017-09-13"
	system="catalogueoflife.org" 
	scope="system" 
	xml:lang="eng">
	<dataset>
		<alternateIdentifier system="catalogueoflife.org">57</alternateIdentifier>

		<title xml:lang="eng">Brachiopoda Database in the Catalogue of Life</title>
		
		<creator>
			<organizationName>Species 2000 &amp; ITIS Catalogue of Life</organizationName>
			<address>
				<city>Leiden</city>
				<postalCode>2332 AA</postalCode>
				<country>NL</country>
			</address>
			<onlineUrl>http://www.catalogueoflife.org</onlineUrl>
		</creator>

		<metadataProvider>
			<organizationName>Species 2000 Secretariat</organizationName>
			<address>
				<city>Leiden</city>
				<postalCode>2332 AA</postalCode>
				<country>NL</country>
			</address>
			<onlineUrl>http://www.sp2000.org/</onlineUrl>
		</metadataProvider>

		<associatedParty>
			<individualName>
				<givenName></givenName>
				<surName>Emig C.C., Bitner M.A., Alvarez F.</surName>					
			</individualName>
			<role>editor</role>
		</associatedParty>
		
		<pubDate>2017-08-25</pubDate>

		<language>eng</language>
	
		<abstract>
			<para>Brachiopoda Database is a taxonomic database of recent lamp-shells and higher taxon names, including some fossil taxa. Diagnoses, references, distribution maps of the species and genus are being added gradually and updated . Databases are closely related to the web portal http://paleopolis.rediris.es/BrachNet/. Data are contributed to the Catalogue of Life via the paleopolis.rediris web portal.</para>
		</abstract>
		
		<distribution scope="document">
			<online>
				<url function="information">http://paleopolis.rediris.es/brachiopoda_database/index.html</url>
			</online>
		</distribution>
		
		<contact>
			<organizationName>Species 2000 Secretariat c/o Naturalis</organizationName>
			<address>
				<deliveryPoint>P.O. Box 9517</deliveryPoint>
				<city>Leiden</city>
				<postalCode>2332 AA</postalCode>
				<country>NL</country>
			</address>
			<phone>+31 71 7519362</phone>
			<electronicMailAddress>support@sp2000.org</electronicMailAddress>
		</contact>		
	</dataset>
	
	<additionalMetadata>
		<metadata>
			<gbif>
				<dateStamp>2017-09-13T15:20:48+02:00</dateStamp>
				<citation identifier="http://www.catalogueoflife.org/col/info/cite" >Species 2000 &amp; ITIS Catalogue of Life: 25th August 2017, Brachiopoda Database</citation>
				<resourceLogoUrl>http://www.catalogueoflife.org/col/images/databases/Brachiopoda_Database.png</resourceLogoUrl>
			</gbif>
			
			<sourceDatabase>
				<abbreviatedName>Brachiopoda Database</abbreviatedName>
				<authorsAndEditors>Emig C.C., Bitner M.A., Alvarez F.</authorsAndEditors>
				<version>Feb 2016</version>
			</sourceDatabase>
		</metadata>
	</additionalMetadata>
</eml:eml>
