<eml:eml xmlns:eml="eml://ecoinformatics.org/eml-2.1.1"
	xmlns:md="eml://ecoinformatics.org/methods-2.1.1" 
	xmlns:proj="eml://ecoinformatics.org/project-2.1.1"
	xmlns:d="eml://ecoinformatics.org/dataset-2.1.1" 
	xmlns:res="eml://ecoinformatics.org/resource-2.1.1"
	xmlns:dc="http://purl.org/dc/terms/" 
	xmlns:xsi="http://www.w3.org/2001/XMLSchema-instance"
	xsi:schemaLocation="eml://ecoinformatics.org/eml-2.1.1 http://rs.gbif.org/schema/eml-gbif-profile/dev/eml.xsd"
	packageId="6:2017-09-13"
	system="catalogueoflife.org" 
	scope="system" 
	xml:lang="eng">
	<dataset>
		<alternateIdentifier system="catalogueoflife.org">6</alternateIdentifier>

		<title xml:lang="eng">CIPA: Computer Aided Identification of Phlebotomine sandflies of Americas in the Catalogue of Life</title>
		
		<creator>
			<organizationName>Species 2000 &amp; ITIS Catalogue of Life</organizationName>
			<address>
				<city>Leiden</city>
				<postalCode>2332 AA</postalCode>
				<country>NL</country>
			</address>
			<onlineUrl>http://www.catalogueoflife.org</onlineUrl>
		</creator>

		<metadataProvider>
			<organizationName>Species 2000 Secretariat</organizationName>
			<address>
				<city>Leiden</city>
				<postalCode>2332 AA</postalCode>
				<country>NL</country>
			</address>
			<onlineUrl>http://www.sp2000.org/</onlineUrl>
		</metadataProvider>

		<associatedParty>
			<individualName>
				<givenName></givenName>
				<surName>Vignes-Lebbe R. &amp; Gallut C.</surName>					
			</individualName>
			<role>editor</role>
		</associatedParty>
		
		<pubDate>2017-08-25</pubDate>

		<language>eng</language>
	
		<abstract>
			<para>CIPA includes information on 418 neotropical sandfly (Phlebotominae) species. These blood-sucking insects are important as vectors transmitting human and animal diseases, e.g. leishmaniasis, bartonellosis, arboviruses. In addition to the data contributed to the Catalogue of Life, CIPA also provides an interactive key and data on the ecology and epidemiology of the group. CIPA is an international project involving experts from 9 countries and was supported by the Program for Science &amp;amp; Technology Cooperation, Office of the Science Advisor, USA; Agency for International Development, and the Scientific &amp;amp; Technical Cooperation, Ministry of Foreign Affairs, France.</para>
		</abstract>
		
		<distribution scope="document">
			<online>
				<url function="information">http://cipa.snv.jussieu.fr</url>
			</online>
		</distribution>
		
		<contact>
			<organizationName>Species 2000 Secretariat c/o Naturalis</organizationName>
			<address>
				<deliveryPoint>P.O. Box 9517</deliveryPoint>
				<city>Leiden</city>
				<postalCode>2332 AA</postalCode>
				<country>NL</country>
			</address>
			<phone>+31 71 7519362</phone>
			<electronicMailAddress>support@sp2000.org</electronicMailAddress>
		</contact>		
	</dataset>
	
	<additionalMetadata>
		<metadata>
			<gbif>
				<dateStamp>2017-09-13T15:34:15+02:00</dateStamp>
				<citation identifier="http://www.catalogueoflife.org/col/info/cite" >Species 2000 &amp; ITIS Catalogue of Life: 25th August 2017, CIPA</citation>
				<resourceLogoUrl>http://www.catalogueoflife.org/col/images/databases/CIPA.png</resourceLogoUrl>
			</gbif>
			
			<sourceDatabase>
				<abbreviatedName>CIPA</abbreviatedName>
				<authorsAndEditors>Vignes-Lebbe R. &amp; Gallut C.</authorsAndEditors>
				<version>3, Mar 2011</version>
			</sourceDatabase>
		</metadata>
	</additionalMetadata>
</eml:eml>
