<eml:eml xmlns:eml="eml://ecoinformatics.org/eml-2.1.1"
	xmlns:md="eml://ecoinformatics.org/methods-2.1.1" 
	xmlns:proj="eml://ecoinformatics.org/project-2.1.1"
	xmlns:d="eml://ecoinformatics.org/dataset-2.1.1" 
	xmlns:res="eml://ecoinformatics.org/resource-2.1.1"
	xmlns:dc="http://purl.org/dc/terms/" 
	xmlns:xsi="http://www.w3.org/2001/XMLSchema-instance"
	xsi:schemaLocation="eml://ecoinformatics.org/eml-2.1.1 http://rs.gbif.org/schema/eml-gbif-profile/dev/eml.xsd"
	packageId="26:2017-09-13"
	system="catalogueoflife.org" 
	scope="system" 
	xml:lang="eng">
	<dataset>
		<alternateIdentifier system="catalogueoflife.org">26</alternateIdentifier>

		<title xml:lang="eng">ScaleNet: Systematic Database of the Scale Insects of the World in the Catalogue of Life</title>
		
		<creator>
			<organizationName>Species 2000 &amp; ITIS Catalogue of Life</organizationName>
			<address>
				<city>Leiden</city>
				<postalCode>2332 AA</postalCode>
				<country>NL</country>
			</address>
			<onlineUrl>http://www.catalogueoflife.org</onlineUrl>
		</creator>

		<metadataProvider>
			<organizationName>Species 2000 Secretariat</organizationName>
			<address>
				<city>Leiden</city>
				<postalCode>2332 AA</postalCode>
				<country>NL</country>
			</address>
			<onlineUrl>http://www.sp2000.org/</onlineUrl>
		</metadataProvider>

		<associatedParty>
			<individualName>
				<givenName></givenName>
				<surName>Ben-Dov Y. &amp; Miller D.R.</surName>					
			</individualName>
			<role>editor</role>
		</associatedParty>
		
		<pubDate>2017-08-25</pubDate>

		<language>eng</language>
	
		<abstract>
			<para>The ScaleNet site provides comprehensive information on the scale insects (Hemiptera: Coccoidea) of the world, including queriable information on their classification, nomenclatural history, geographical distribution, host plants, natural enemies, economic importance and literature. Currently information can be retrieved for 27 families, and data of about 21,000 references dating from 1758 to the present. Ultimately, information will be provided for all 28 families of scale insects, comprising more than 7,500 species.</para>
		</abstract>
		
		<distribution scope="document">
			<online>
				<url function="information">http://www.sel.barc.usda.gov/scalenet/scalenet.htm</url>
			</online>
		</distribution>
		
		<contact>
			<organizationName>Species 2000 Secretariat c/o Naturalis</organizationName>
			<address>
				<deliveryPoint>P.O. Box 9517</deliveryPoint>
				<city>Leiden</city>
				<postalCode>2332 AA</postalCode>
				<country>NL</country>
			</address>
			<phone>+31 71 7519362</phone>
			<electronicMailAddress>support@sp2000.org</electronicMailAddress>
		</contact>		
	</dataset>
	
	<additionalMetadata>
		<metadata>
			<gbif>
				<dateStamp>2017-09-13T17:37:44+02:00</dateStamp>
				<citation identifier="http://www.catalogueoflife.org/col/info/cite" >Species 2000 &amp; ITIS Catalogue of Life: 25th August 2017, ScaleNet</citation>
				<resourceLogoUrl>http://www.catalogueoflife.org/col/images/databases/ScaleNet.png</resourceLogoUrl>
			</gbif>
			
			<sourceDatabase>
				<abbreviatedName>ScaleNet</abbreviatedName>
				<authorsAndEditors>Ben-Dov Y. &amp; Miller D.R.</authorsAndEditors>
				<version>Dec 2004</version>
			</sourceDatabase>
		</metadata>
	</additionalMetadata>
</eml:eml>
