<eml:eml xmlns:eml="eml://ecoinformatics.org/eml-2.1.1"
	xmlns:md="eml://ecoinformatics.org/methods-2.1.1" 
	xmlns:proj="eml://ecoinformatics.org/project-2.1.1"
	xmlns:d="eml://ecoinformatics.org/dataset-2.1.1" 
	xmlns:res="eml://ecoinformatics.org/resource-2.1.1"
	xmlns:dc="http://purl.org/dc/terms/" 
	xmlns:xsi="http://www.w3.org/2001/XMLSchema-instance"
	xsi:schemaLocation="eml://ecoinformatics.org/eml-2.1.1 http://rs.gbif.org/schema/eml-gbif-profile/dev/eml.xsd"
	packageId="74:2017-09-13"
	system="catalogueoflife.org" 
	scope="system" 
	xml:lang="eng">
	<dataset>
		<alternateIdentifier system="catalogueoflife.org">74</alternateIdentifier>

		<title xml:lang="eng">ELPT: Early Land Plants Today in the Catalogue of Life</title>
		
		<creator>
			<organizationName>Species 2000 &amp; ITIS Catalogue of Life</organizationName>
			<address>
				<city>Leiden</city>
				<postalCode>2332 AA</postalCode>
				<country>NL</country>
			</address>
			<onlineUrl>http://www.catalogueoflife.org</onlineUrl>
		</creator>

		<metadataProvider>
			<organizationName>Species 2000 Secretariat</organizationName>
			<address>
				<city>Leiden</city>
				<postalCode>2332 AA</postalCode>
				<country>NL</country>
			</address>
			<onlineUrl>http://www.sp2000.org/</onlineUrl>
		</metadataProvider>

		<associatedParty>
			<individualName>
				<givenName></givenName>
				<surName>Söderström L., Hagborg A., von Konrat M. (eds.)</surName>					
			</individualName>
			<role>editor</role>
		</associatedParty>
		
		<pubDate>2017-08-25</pubDate>

		<language>eng</language>
	
		<abstract>
			<para>The Early Land Plants Today (ELPT) project aims to combine existing data on nomenclature, taxonomy and distribution for liverworts and hornworts. The project is jointly coordinated by Prof. Lars Söderström (Norwegian University of Science and Technology, Trondheim, Norway) and Anders Hagborg and Dr. Matt von Konrat (The Field Museum, Chicago, USA). This is an internationally coordinated effort involving over 40 bryologists from more than 16 countries. The data presented here is based on the first-ever worldwide checklist for liverworts (Marchantiophyta) and hornworts (Anthocerotophyta) published in 2016 and some recent updates after that. The checklist and the CoL data are derived from a working database centralizing nomenclature, taxonomy and geography on a global scale. As of January 2017 the database includes about 39,000 names of about 8,600 ‘accepted’ taxa, a bibliography of more than 25,000 references and more than 700,000 distribution records. The data includes all extant taxa for liverworts and hornworts and macrofossils closely related to them.  Prior to this effort a lack of centralization was a major impediment for the study and analysis of species richness, conservation and systematic research at both regional and global scales. The checklist as well as a list of contributors can be accessed at &amp;lt;a href=&amp;quot;https://doi.org/10.3897/phytokeys.59.6261&amp;quot; target=&amp;quot;_blank&amp;quot;&amp;gt;doi.org/10.3897/phytokeys.59.6261&amp;lt;/a&amp;gt;. The data maintained in the database is constantly growing and has been used for several regional checklists and nomenclature summaries of individual families. The data is made available for other international databasing and conservation initiatives. This effort has been partially funded over the past several years by a variety of institutions and agencies including the Norwegian University of Science and Technology, The Field Museum, GBIF and the National Science Foundation.</para>
		</abstract>
		
		<distribution scope="document">
			<online>
				<url function="information">http://www.elpt.org</url>
			</online>
		</distribution>
		
		<contact>
			<organizationName>Species 2000 Secretariat c/o Naturalis</organizationName>
			<address>
				<deliveryPoint>P.O. Box 9517</deliveryPoint>
				<city>Leiden</city>
				<postalCode>2332 AA</postalCode>
				<country>NL</country>
			</address>
			<phone>+31 71 7519362</phone>
			<electronicMailAddress>support@sp2000.org</electronicMailAddress>
		</contact>		
	</dataset>
	
	<additionalMetadata>
		<metadata>
			<gbif>
				<dateStamp>2017-09-13T15:40:15+02:00</dateStamp>
				<citation identifier="http://www.catalogueoflife.org/col/info/cite" >Species 2000 &amp; ITIS Catalogue of Life: 25th August 2017, ELPT</citation>
				<resourceLogoUrl>http://www.catalogueoflife.org/col/images/databases/ELPT.png</resourceLogoUrl>
			</gbif>
			
			<sourceDatabase>
				<abbreviatedName>ELPT</abbreviatedName>
				<authorsAndEditors>Söderström L., Hagborg A., von Konrat M. (eds.)</authorsAndEditors>
				<version>Jan 2017</version>
			</sourceDatabase>
		</metadata>
	</additionalMetadata>
</eml:eml>
