<eml:eml xmlns:eml="eml://ecoinformatics.org/eml-2.1.1"
	xmlns:md="eml://ecoinformatics.org/methods-2.1.1" 
	xmlns:proj="eml://ecoinformatics.org/project-2.1.1"
	xmlns:d="eml://ecoinformatics.org/dataset-2.1.1" 
	xmlns:res="eml://ecoinformatics.org/resource-2.1.1"
	xmlns:dc="http://purl.org/dc/terms/" 
	xmlns:xsi="http://www.w3.org/2001/XMLSchema-instance"
	xsi:schemaLocation="eml://ecoinformatics.org/eml-2.1.1 http://rs.gbif.org/schema/eml-gbif-profile/dev/eml.xsd"
	packageId="55:2017-09-13"
	system="catalogueoflife.org" 
	scope="system" 
	xml:lang="eng">
	<dataset>
		<alternateIdentifier system="catalogueoflife.org">55</alternateIdentifier>

		<title xml:lang="eng">LDL NSW: Neuropterida Species of the World in the Catalogue of Life</title>
		
		<creator>
			<organizationName>Species 2000 &amp; ITIS Catalogue of Life</organizationName>
			<address>
				<city>Leiden</city>
				<postalCode>2332 AA</postalCode>
				<country>NL</country>
			</address>
			<onlineUrl>http://www.catalogueoflife.org</onlineUrl>
		</creator>

		<metadataProvider>
			<organizationName>Species 2000 Secretariat</organizationName>
			<address>
				<city>Leiden</city>
				<postalCode>2332 AA</postalCode>
				<country>NL</country>
			</address>
			<onlineUrl>http://www.sp2000.org/</onlineUrl>
		</metadataProvider>

		<associatedParty>
			<individualName>
				<givenName></givenName>
				<surName>Oswald J.D.</surName>					
			</individualName>
			<role>editor</role>
		</associatedParty>
		
		<pubDate>2017-08-25</pubDate>

		<language>eng</language>
	
		<abstract>
			<para>The Neuropterida Species of the World (NSW) catalogue documents fundamental taxonomic, nomenclatural, distributional (geographic, chronostratigraphic, lithostratigraphic), and related information for extant and extinct Neuropterida species on a global scale. The catalogue forms one of the fundamental modules of the Lacewing Digital Library (LDL) web portal &amp;lt;a href=&amp;quot;http://lacewing.tamu.edu/&amp;quot;&amp;gt;(http://lacewing.tamu.edu/)&amp;lt;/a&amp;gt;. The Catalogue of Life dataset contains a restricted extract of NSW data that is focused on the taxonomy and nomenclature  of extant and extinct neuropterid species, together with associated bibliographic information. For more complete information on neuropterid names and taxa, including extensive information on types, search the on-line version of the NSW at &amp;lt;a href=&amp;quot;http://lacewing.tamu.edu/Species-Catalogue/scspeciescatalogue.cfm&amp;quot;&amp;gt;http://lacewing.tamu.edu/Species-Catalogue/scspeciescatalogue.cfm&amp;lt;/a&amp;gt;.</para>
		</abstract>
		
		<distribution scope="document">
			<online>
				<url function="information">http://lacewing.tamu.edu/SpeciesCatalog/Main</url>
			</online>
		</distribution>
		
		<contact>
			<organizationName>Species 2000 Secretariat c/o Naturalis</organizationName>
			<address>
				<deliveryPoint>P.O. Box 9517</deliveryPoint>
				<city>Leiden</city>
				<postalCode>2332 AA</postalCode>
				<country>NL</country>
			</address>
			<phone>+31 71 7519362</phone>
			<electronicMailAddress>support@sp2000.org</electronicMailAddress>
		</contact>		
	</dataset>
	
	<additionalMetadata>
		<metadata>
			<gbif>
				<dateStamp>2017-09-13T16:39:42+02:00</dateStamp>
				<citation identifier="http://www.catalogueoflife.org/col/info/cite" >Species 2000 &amp; ITIS Catalogue of Life: 25th August 2017, LDL NSW</citation>
				<resourceLogoUrl>http://www.catalogueoflife.org/col/images/databases/LDL_NSW.png</resourceLogoUrl>
			</gbif>
			
			<sourceDatabase>
				<abbreviatedName>LDL NSW</abbreviatedName>
				<authorsAndEditors>Oswald J.D.</authorsAndEditors>
				<version>Jun 2017</version>
			</sourceDatabase>
		</metadata>
	</additionalMetadata>
</eml:eml>
