<eml:eml xmlns:eml="eml://ecoinformatics.org/eml-2.1.1"
	xmlns:md="eml://ecoinformatics.org/methods-2.1.1" 
	xmlns:proj="eml://ecoinformatics.org/project-2.1.1"
	xmlns:d="eml://ecoinformatics.org/dataset-2.1.1" 
	xmlns:res="eml://ecoinformatics.org/resource-2.1.1"
	xmlns:dc="http://purl.org/dc/terms/" 
	xmlns:xsi="http://www.w3.org/2001/XMLSchema-instance"
	xsi:schemaLocation="eml://ecoinformatics.org/eml-2.1.1 http://rs.gbif.org/schema/eml-gbif-profile/dev/eml.xsd"
	packageId="9:2017-09-13"
	system="catalogueoflife.org" 
	scope="system" 
	xml:lang="eng">
	<dataset>
		<alternateIdentifier system="catalogueoflife.org">9</alternateIdentifier>

		<title xml:lang="eng">ETI WBD: World Biodiversity Database (Euphausiacea) in the Catalogue of Life</title>
		
		<creator>
			<organizationName>Species 2000 &amp; ITIS Catalogue of Life</organizationName>
			<address>
				<city>Leiden</city>
				<postalCode>2332 AA</postalCode>
				<country>NL</country>
			</address>
			<onlineUrl>http://www.catalogueoflife.org</onlineUrl>
		</creator>

		<metadataProvider>
			<organizationName>Species 2000 Secretariat</organizationName>
			<address>
				<city>Leiden</city>
				<postalCode>2332 AA</postalCode>
				<country>NL</country>
			</address>
			<onlineUrl>http://www.sp2000.org/</onlineUrl>
		</metadataProvider>

		<associatedParty>
			<individualName>
				<givenName></givenName>
				<surName>Brinton E.,  Ohman M.D., Townsend A.W., Knight M.D. &amp; Bridgeman A.L. (eds of Euphausiacea)</surName>					
			</individualName>
			<role>editor</role>
		</associatedParty>
		
		<pubDate>2017-08-25</pubDate>

		<language>eng</language>
	
		<abstract>
			<para>ETI is a non-governmental organization in operational relation with UNESCO, dedicated to improving on a global scale the quantity, quality and accessibility of taxonomic information. The ‘Euphausiids of the World Ocean’ database covers all 86 species of the order Euphausiacea (krill) in the oceans, and was produced at the Scripps Institution of Oceanography. It is part of ETI’s World Biodiversity Database. The full database is published on CD-ROM (ISBN 3-540-14673-3), and includes a fully illustrated multiple-entry key, a picture key, interactive distribution maps, and a special database treating larval development for most species.</para>
		</abstract>
		
		<distribution scope="document">
			<online>
				<url function="information">http://www.eti.uva.nl/database/wbd.html</url>
			</online>
		</distribution>
		
		<contact>
			<organizationName>Species 2000 Secretariat c/o Naturalis</organizationName>
			<address>
				<deliveryPoint>P.O. Box 9517</deliveryPoint>
				<city>Leiden</city>
				<postalCode>2332 AA</postalCode>
				<country>NL</country>
			</address>
			<phone>+31 71 7519362</phone>
			<electronicMailAddress>support@sp2000.org</electronicMailAddress>
		</contact>		
	</dataset>
	
	<additionalMetadata>
		<metadata>
			<gbif>
				<dateStamp>2017-09-13T15:42:02+02:00</dateStamp>
				<citation identifier="http://www.catalogueoflife.org/col/info/cite" >Species 2000 &amp; ITIS Catalogue of Life: 25th August 2017, ETI WBD (Euphausiacea)</citation>
				<resourceLogoUrl>http://www.catalogueoflife.org/col/images/databases/ETI_WBD_(Euphausiacea).png</resourceLogoUrl>
			</gbif>
			
			<sourceDatabase>
				<abbreviatedName>ETI WBD (Euphausiacea)</abbreviatedName>
				<authorsAndEditors>Brinton E.,  Ohman M.D., Townsend A.W., Knight M.D. &amp; Bridgeman A.L. (eds of Euphausiacea)</authorsAndEditors>
				<version>2.1, Nov 2002</version>
			</sourceDatabase>
		</metadata>
	</additionalMetadata>
</eml:eml>
