<eml:eml xmlns:eml="eml://ecoinformatics.org/eml-2.1.1"
	xmlns:md="eml://ecoinformatics.org/methods-2.1.1" 
	xmlns:proj="eml://ecoinformatics.org/project-2.1.1"
	xmlns:d="eml://ecoinformatics.org/dataset-2.1.1" 
	xmlns:res="eml://ecoinformatics.org/resource-2.1.1"
	xmlns:dc="http://purl.org/dc/terms/" 
	xmlns:xsi="http://www.w3.org/2001/XMLSchema-instance"
	xsi:schemaLocation="eml://ecoinformatics.org/eml-2.1.1 http://rs.gbif.org/schema/eml-gbif-profile/dev/eml.xsd"
	packageId="12:2017-09-13"
	system="catalogueoflife.org" 
	scope="system" 
	xml:lang="eng">
	<dataset>
		<alternateIdentifier system="catalogueoflife.org">12</alternateIdentifier>

		<title xml:lang="eng">Glomeromycota in the Catalogue of Life</title>
		
		<creator>
			<organizationName>Species 2000 &amp; ITIS Catalogue of Life</organizationName>
			<address>
				<city>Leiden</city>
				<postalCode>2332 AA</postalCode>
				<country>NL</country>
			</address>
			<onlineUrl>http://www.catalogueoflife.org</onlineUrl>
		</creator>

		<metadataProvider>
			<organizationName>Species 2000 Secretariat</organizationName>
			<address>
				<city>Leiden</city>
				<postalCode>2332 AA</postalCode>
				<country>NL</country>
			</address>
			<onlineUrl>http://www.sp2000.org/</onlineUrl>
		</metadataProvider>

		<associatedParty>
			<individualName>
				<givenName></givenName>
				<surName>Schüßler A.</surName>					
			</individualName>
			<role>editor</role>
		</associatedParty>
		
		<pubDate>2017-08-25</pubDate>

		<language>eng</language>
	
		<abstract>
			<para>The Glomeromycota are mycorrhiza forming fungi. Mycorrhiza (literally
fungus-root) are mutualistic association of fungi with plant roots and the vast majority of plant species (probably &amp;gt;95%) are associated with mycorrhizal fungi; strictly speaking, plants do not have roots, they have mycorrhiza. The most widely distributed mycorrhizal &amp;#039;type&amp;#039;, both through the plant kingdom (formed by about 80% of all vascular plants) and geographically, is an endomycorrhiza formed by the Glomeromycota and called arbuscular mycorrhiza (AM). In this, hyphae colonize plant cells and produce finely branched structures (the arbuscules). This symbiosis feeds most land plants, the arbuscules facilitating nutrient exchange and water uptake and, by carbohydrate transport to the soil, also represent a relevant terrestrial carbon sink.</para>
		</abstract>
		
		<distribution scope="document">
			<online>
				<url function="information">http://www.AMF-phylogeny.com</url>
			</online>
		</distribution>
		
		<contact>
			<organizationName>Species 2000 Secretariat c/o Naturalis</organizationName>
			<address>
				<deliveryPoint>P.O. Box 9517</deliveryPoint>
				<city>Leiden</city>
				<postalCode>2332 AA</postalCode>
				<country>NL</country>
			</address>
			<phone>+31 71 7519362</phone>
			<electronicMailAddress>support@sp2000.org</electronicMailAddress>
		</contact>		
	</dataset>
	
	<additionalMetadata>
		<metadata>
			<gbif>
				<dateStamp>2017-09-13T16:02:59+02:00</dateStamp>
				<citation identifier="http://www.catalogueoflife.org/col/info/cite" >Species 2000 &amp; ITIS Catalogue of Life: 25th August 2017, Glomeromycota</citation>
				<resourceLogoUrl>http://www.catalogueoflife.org/col/images/databases/Glomeromycota.png</resourceLogoUrl>
			</gbif>
			
			<sourceDatabase>
				<abbreviatedName>Glomeromycota</abbreviatedName>
				<authorsAndEditors>Schüßler A.</authorsAndEditors>
				<version>Jan 2016</version>
			</sourceDatabase>
		</metadata>
	</additionalMetadata>
</eml:eml>
