<eml:eml xmlns:eml="eml://ecoinformatics.org/eml-2.1.1"
	xmlns:md="eml://ecoinformatics.org/methods-2.1.1" 
	xmlns:proj="eml://ecoinformatics.org/project-2.1.1"
	xmlns:d="eml://ecoinformatics.org/dataset-2.1.1" 
	xmlns:res="eml://ecoinformatics.org/resource-2.1.1"
	xmlns:dc="http://purl.org/dc/terms/" 
	xmlns:xsi="http://www.w3.org/2001/XMLSchema-instance"
	xsi:schemaLocation="eml://ecoinformatics.org/eml-2.1.1 http://rs.gbif.org/schema/eml-gbif-profile/dev/eml.xsd"
	packageId="63:2017-09-13"
	system="catalogueoflife.org" 
	scope="system" 
	xml:lang="eng">
	<dataset>
		<alternateIdentifier system="catalogueoflife.org">63</alternateIdentifier>

		<title xml:lang="eng">Mites GSDs: OlogamasidBase in the Catalogue of Life</title>
		
		<creator>
			<organizationName>Species 2000 &amp; ITIS Catalogue of Life</organizationName>
			<address>
				<city>Leiden</city>
				<postalCode>2332 AA</postalCode>
				<country>NL</country>
			</address>
			<onlineUrl>http://www.catalogueoflife.org</onlineUrl>
		</creator>

		<metadataProvider>
			<organizationName>Species 2000 Secretariat</organizationName>
			<address>
				<city>Leiden</city>
				<postalCode>2332 AA</postalCode>
				<country>NL</country>
			</address>
			<onlineUrl>http://www.sp2000.org/</onlineUrl>
		</metadataProvider>

		<associatedParty>
			<individualName>
				<givenName></givenName>
				<surName>Castilho R.C., Silva E.S. &amp; Moraes G.J. de</surName>					
			</individualName>
			<role>editor</role>
		</associatedParty>
		
		<pubDate>2017-08-25</pubDate>

		<language>eng</language>
	
		<abstract>
			<para>Ologamasidae mites are cosmopolitan, edaphic and free-living. This data base evolved as part of the Doctorate dissertation work conducted by the second author and submitted to the Brazilian “Escola Superior de Agricultura Luiz de Queiroz (ESALQ), Universidade de São Paulo (USP)”. It provides information on the 446 species considered to belong to this family.</para>
		</abstract>
		
		<distribution scope="document">
			<online>
				<url function="information"></url>
			</online>
		</distribution>
		
		<contact>
			<organizationName>Species 2000 Secretariat c/o Naturalis</organizationName>
			<address>
				<deliveryPoint>P.O. Box 9517</deliveryPoint>
				<city>Leiden</city>
				<postalCode>2332 AA</postalCode>
				<country>NL</country>
			</address>
			<phone>+31 71 7519362</phone>
			<electronicMailAddress>support@sp2000.org</electronicMailAddress>
		</contact>		
	</dataset>
	
	<additionalMetadata>
		<metadata>
			<gbif>
				<dateStamp>2017-09-13T17:14:31+02:00</dateStamp>
				<citation identifier="http://www.catalogueoflife.org/col/info/cite" >Species 2000 &amp; ITIS Catalogue of Life: 25th August 2017, OlogamasidBase</citation>
				<resourceLogoUrl>http://www.catalogueoflife.org/col/images/databases/OlogamasidBase.png</resourceLogoUrl>
			</gbif>
			
			<sourceDatabase>
				<abbreviatedName>OlogamasidBase</abbreviatedName>
				<authorsAndEditors>Castilho R.C., Silva E.S. &amp; Moraes G.J. de</authorsAndEditors>
				<version>Oct 2009</version>
			</sourceDatabase>
		</metadata>
	</additionalMetadata>
</eml:eml>
