<eml:eml xmlns:eml="eml://ecoinformatics.org/eml-2.1.1"
	xmlns:md="eml://ecoinformatics.org/methods-2.1.1" 
	xmlns:proj="eml://ecoinformatics.org/project-2.1.1"
	xmlns:d="eml://ecoinformatics.org/dataset-2.1.1" 
	xmlns:res="eml://ecoinformatics.org/resource-2.1.1"
	xmlns:dc="http://purl.org/dc/terms/" 
	xmlns:xsi="http://www.w3.org/2001/XMLSchema-instance"
	xsi:schemaLocation="eml://ecoinformatics.org/eml-2.1.1 http://rs.gbif.org/schema/eml-gbif-profile/dev/eml.xsd"
	packageId="20:2017-09-13"
	system="catalogueoflife.org" 
	scope="system" 
	xml:lang="eng">
	<dataset>
		<alternateIdentifier system="catalogueoflife.org">20</alternateIdentifier>

		<title xml:lang="eng">Odonata: Global Species Database of Odonata in the Catalogue of Life</title>
		
		<creator>
			<organizationName>Species 2000 &amp; ITIS Catalogue of Life</organizationName>
			<address>
				<city>Leiden</city>
				<postalCode>2332 AA</postalCode>
				<country>NL</country>
			</address>
			<onlineUrl>http://www.catalogueoflife.org</onlineUrl>
		</creator>

		<metadataProvider>
			<organizationName>Species 2000 Secretariat</organizationName>
			<address>
				<city>Leiden</city>
				<postalCode>2332 AA</postalCode>
				<country>NL</country>
			</address>
			<onlineUrl>http://www.sp2000.org/</onlineUrl>
		</metadataProvider>

		<associatedParty>
			<individualName>
				<givenName></givenName>
				<surName>Tol J. van </surName>					
			</individualName>
			<role>editor</role>
		</associatedParty>
		
		<pubDate>2017-08-25</pubDate>

		<language>eng</language>
	
		<abstract>
			<para>The Global Species Database of Odonata is a list of all names of extant species of dragonflies and damselflies of the world. The present list is based on a database built during a period of twenty years. The original information was derived from a published catalogue by Davies &amp;amp; Tobin (1984, 1985). However, original publications were consulted to check the spelling and original combination of (virtually) all names. The present taxonomic status of every name in this list is based on published authoritative sources. Addition of the names of fossil taxa, and setting up a management committee for this database, are to be expected in the near future. The original information of the GSD Odonata is managed using a FoxPro application.</para>
		</abstract>
		
		<distribution scope="document">
			<online>
				<url function="information">http://www.odonata.info</url>
			</online>
		</distribution>
		
		<contact>
			<organizationName>Species 2000 Secretariat c/o Naturalis</organizationName>
			<address>
				<deliveryPoint>P.O. Box 9517</deliveryPoint>
				<city>Leiden</city>
				<postalCode>2332 AA</postalCode>
				<country>NL</country>
			</address>
			<phone>+31 71 7519362</phone>
			<electronicMailAddress>support@sp2000.org</electronicMailAddress>
		</contact>		
	</dataset>
	
	<additionalMetadata>
		<metadata>
			<gbif>
				<dateStamp>2017-09-13T17:13:11+02:00</dateStamp>
				<citation identifier="http://www.catalogueoflife.org/col/info/cite" >Species 2000 &amp; ITIS Catalogue of Life: 25th August 2017, Odonata</citation>
				<resourceLogoUrl>http://www.catalogueoflife.org/col/images/databases/Odonata.png</resourceLogoUrl>
			</gbif>
			
			<sourceDatabase>
				<abbreviatedName>Odonata</abbreviatedName>
				<authorsAndEditors>Tol J. van </authorsAndEditors>
				<version>Dec 2011</version>
			</sourceDatabase>
		</metadata>
	</additionalMetadata>
</eml:eml>
