<eml:eml xmlns:eml="eml://ecoinformatics.org/eml-2.1.1"
	xmlns:md="eml://ecoinformatics.org/methods-2.1.1" 
	xmlns:proj="eml://ecoinformatics.org/project-2.1.1"
	xmlns:d="eml://ecoinformatics.org/dataset-2.1.1" 
	xmlns:res="eml://ecoinformatics.org/resource-2.1.1"
	xmlns:dc="http://purl.org/dc/terms/" 
	xmlns:xsi="http://www.w3.org/2001/XMLSchema-instance"
	xsi:schemaLocation="eml://ecoinformatics.org/eml-2.1.1 http://rs.gbif.org/schema/eml-gbif-profile/dev/eml.xsd"
	packageId="39:2017-09-14"
	system="catalogueoflife.org" 
	scope="system" 
	xml:lang="eng">
	<dataset>
		<alternateIdentifier system="catalogueoflife.org">39</alternateIdentifier>

		<title xml:lang="eng">WTaxa: Electronic Catalogue of Weevil names (Curculionoidea)  in the Catalogue of Life</title>
		
		<creator>
			<organizationName>Species 2000 &amp; ITIS Catalogue of Life</organizationName>
			<address>
				<city>Leiden</city>
				<postalCode>2332 AA</postalCode>
				<country>NL</country>
			</address>
			<onlineUrl>http://www.catalogueoflife.org</onlineUrl>
		</creator>

		<metadataProvider>
			<organizationName>Species 2000 Secretariat</organizationName>
			<address>
				<city>Leiden</city>
				<postalCode>2332 AA</postalCode>
				<country>NL</country>
			</address>
			<onlineUrl>http://www.sp2000.org/</onlineUrl>
		</metadataProvider>

		<associatedParty>
			<individualName>
				<givenName></givenName>
				<surName>Alonso-Zarazaga M.A. &amp; Lyal C.H.C. (authors), Sánchez-Ruiz M. (technical editor)</surName>					
			</individualName>
			<role>editor</role>
		</associatedParty>
		
		<pubDate>2017-08-25</pubDate>

		<language>eng</language>
	
		<abstract>
			<para>The Electronic Catalogue of Weevil Names is a project in progress. Ultimately it will contain all family, genus and species-group names in the Curculionoidea, a group of beetles with about 60,000 described species which contains many important insects, including the bark beetles (Scolytinae) and powder-post beetles (Platypodinae). Currently the database contains all generic and family-group names, in their current taxonomic position, and based on Alonso-Zarazaga &amp;amp; Lyal?s (1999, 2002, 2009) and Lyal &amp;amp; Alonso-Zarazaga&amp;#039;s (2005) catalogue of weevil family and genus names. Species-group names are now added up to the end of 2014. These, and their subsequent combinations, have been checked against original publication and current placement for most names firstly published before 1801. All these names have been adequately qualified under the provisions of the International Code of Zoological Nomenclature, 4th Edition. Many duplicate names appearing in previous versions have been eliminated.</para>
		</abstract>
		
		<distribution scope="document">
			<online>
				<url function="information">http://wtaxa.csic.es</url>
			</online>
		</distribution>
		
		<contact>
			<organizationName>Species 2000 Secretariat c/o Naturalis</organizationName>
			<address>
				<deliveryPoint>P.O. Box 9517</deliveryPoint>
				<city>Leiden</city>
				<postalCode>2332 AA</postalCode>
				<country>NL</country>
			</address>
			<phone>+31 71 7519362</phone>
			<electronicMailAddress>support@sp2000.org</electronicMailAddress>
		</contact>		
	</dataset>
	
	<additionalMetadata>
		<metadata>
			<gbif>
				<dateStamp>2017-09-14T14:18:25+02:00</dateStamp>
				<citation identifier="http://www.catalogueoflife.org/col/info/cite" >Species 2000 &amp; ITIS Catalogue of Life: 25th August 2017, WTaxa</citation>
				<resourceLogoUrl>http://www.catalogueoflife.org/col/images/databases/WTaxa.png</resourceLogoUrl>
			</gbif>
			
			<sourceDatabase>
				<abbreviatedName>WTaxa</abbreviatedName>
				<authorsAndEditors>Alonso-Zarazaga M.A. &amp; Lyal C.H.C. (authors), Sánchez-Ruiz M. (technical editor)</authorsAndEditors>
				<version>Oct 2016</version>
			</sourceDatabase>
		</metadata>
	</additionalMetadata>
</eml:eml>
