<eml:eml xmlns:eml="eml://ecoinformatics.org/eml-2.1.1"
	xmlns:md="eml://ecoinformatics.org/methods-2.1.1" 
	xmlns:proj="eml://ecoinformatics.org/project-2.1.1"
	xmlns:d="eml://ecoinformatics.org/dataset-2.1.1" 
	xmlns:res="eml://ecoinformatics.org/resource-2.1.1"
	xmlns:dc="http://purl.org/dc/terms/" 
	xmlns:xsi="http://www.w3.org/2001/XMLSchema-instance"
	xsi:schemaLocation="eml://ecoinformatics.org/eml-2.1.1 http://rs.gbif.org/schema/eml-gbif-profile/dev/eml.xsd"
	packageId="172:2017-09-13"
	system="catalogueoflife.org" 
	scope="system" 
	xml:lang="eng">
	<dataset>
		<alternateIdentifier system="catalogueoflife.org">172</alternateIdentifier>

		<title xml:lang="eng">Nepticuloidea: Nepticulidae and Opostegidae of the World in the Catalogue of Life</title>
		
		<creator>
			<organizationName>Species 2000 &amp; ITIS Catalogue of Life</organizationName>
			<address>
				<city>Leiden</city>
				<postalCode>2332 AA</postalCode>
				<country>NL</country>
			</address>
			<onlineUrl>http://www.catalogueoflife.org</onlineUrl>
		</creator>

		<metadataProvider>
			<organizationName>Species 2000 Secretariat</organizationName>
			<address>
				<city>Leiden</city>
				<postalCode>2332 AA</postalCode>
				<country>NL</country>
			</address>
			<onlineUrl>http://www.sp2000.org/</onlineUrl>
		</metadataProvider>

		<associatedParty>
			<individualName>
				<givenName></givenName>
				<surName>Nieukerken E.J. van (ed)</surName>					
			</individualName>
			<role>editor</role>
		</associatedParty>
		
		<pubDate>2017-08-25</pubDate>

		<language>eng</language>
	
		<abstract>
			<para>This database covers all global extant and fossil species of Nepticuloidea. It is based on the scratchpad Nepticuloidea.info, and the fixed publication &amp;lt;i&amp;gt;Nieukerken EJ van, Doorenweerd C, Hoare RJB, Davis DR (2016). Revised classification and catalogue of global Nepticulidae and Opostegidae (Lepidoptera: Nepticuloidea). ZooKeys 628: 65-246.&amp;lt;/i&amp;gt; &amp;lt;a href=&amp;quot;https://doi.org/10.3897/zookeys.628.9799&amp;quot; target=&amp;quot;_blank&amp;quot;&amp;gt;doi: 10.3897/zookeys.628.9799&amp;lt;/a&amp;gt;, all published on October 31st, 2016. The database covers all current valid names, and all known synonyms, various combinations and synonymic infra-subspecific names. The publication also provides biogeographic regions, the full classification, including species groups, many notes and a taxonomic history and &amp;quot;state of the art&amp;quot;. The scratchpad also contains details on types, country distribution, and a growing number of multimedia and descriptions. Excluded names and dubious names, not present in CoL can also be found in both other sources.</para>
		</abstract>
		
		<distribution scope="document">
			<online>
				<url function="information">http://nepticuloidea.info</url>
			</online>
		</distribution>
		
		<contact>
			<organizationName>Species 2000 Secretariat c/o Naturalis</organizationName>
			<address>
				<deliveryPoint>P.O. Box 9517</deliveryPoint>
				<city>Leiden</city>
				<postalCode>2332 AA</postalCode>
				<country>NL</country>
			</address>
			<phone>+31 71 7519362</phone>
			<electronicMailAddress>support@sp2000.org</electronicMailAddress>
		</contact>		
	</dataset>
	
	<additionalMetadata>
		<metadata>
			<gbif>
				<dateStamp>2017-09-13T17:11:39+02:00</dateStamp>
				<citation identifier="http://www.catalogueoflife.org/col/info/cite" >Species 2000 &amp; ITIS Catalogue of Life: 25th August 2017, Nepticuloidea</citation>
				<resourceLogoUrl>http://www.catalogueoflife.org/col/images/databases/Nepticuloidea.png</resourceLogoUrl>
			</gbif>
			
			<sourceDatabase>
				<abbreviatedName>Nepticuloidea</abbreviatedName>
				<authorsAndEditors>Nieukerken E.J. van (ed)</authorsAndEditors>
				<version>Oct 2016</version>
			</sourceDatabase>
		</metadata>
	</additionalMetadata>
</eml:eml>
