<eml:eml xmlns:eml="eml://ecoinformatics.org/eml-2.1.1"
	xmlns:md="eml://ecoinformatics.org/methods-2.1.1" 
	xmlns:proj="eml://ecoinformatics.org/project-2.1.1"
	xmlns:d="eml://ecoinformatics.org/dataset-2.1.1" 
	xmlns:res="eml://ecoinformatics.org/resource-2.1.1"
	xmlns:dc="http://purl.org/dc/terms/" 
	xmlns:xsi="http://www.w3.org/2001/XMLSchema-instance"
	xsi:schemaLocation="eml://ecoinformatics.org/eml-2.1.1 http://rs.gbif.org/schema/eml-gbif-profile/dev/eml.xsd"
	packageId="14:2017-09-13"
	system="catalogueoflife.org" 
	scope="system" 
	xml:lang="eng">
	<dataset>
		<alternateIdentifier system="catalogueoflife.org">14</alternateIdentifier>

		<title xml:lang="eng">ICTV/MSL: International Committee on Taxonomy of Viruses / Master Species List in the Catalogue of Life</title>
		
		<creator>
			<organizationName>Species 2000 &amp; ITIS Catalogue of Life</organizationName>
			<address>
				<city>Leiden</city>
				<postalCode>2332 AA</postalCode>
				<country>NL</country>
			</address>
			<onlineUrl>http://www.catalogueoflife.org</onlineUrl>
		</creator>

		<metadataProvider>
			<organizationName>Species 2000 Secretariat</organizationName>
			<address>
				<city>Leiden</city>
				<postalCode>2332 AA</postalCode>
				<country>NL</country>
			</address>
			<onlineUrl>http://www.sp2000.org/</onlineUrl>
		</metadataProvider>

		<associatedParty>
			<individualName>
				<givenName></givenName>
				<surName>Lefkowitz E.J. (ed)</surName>					
			</individualName>
			<role>editor</role>
		</associatedParty>
		
		<pubDate>2017-08-25</pubDate>

		<language>eng</language>
	
		<abstract>
			<para>The International Union of Microbiological Societies (IUMS) has charged the International Committee on Taxonomy of Viruses (ICTV) with the task of developing, refining, and maintaining a universal virus taxonomy. The goal of this undertaking is to categorize the multitude of known virus into a single classification scheme that reflects their evolutionary relationships, i.e. their individual phylogenies.</para>
		</abstract>
		
		<distribution scope="document">
			<online>
				<url function="information">http://ictvonline.org</url>
			</online>
		</distribution>
		
		<contact>
			<organizationName>Species 2000 Secretariat c/o Naturalis</organizationName>
			<address>
				<deliveryPoint>P.O. Box 9517</deliveryPoint>
				<city>Leiden</city>
				<postalCode>2332 AA</postalCode>
				<country>NL</country>
			</address>
			<phone>+31 71 7519362</phone>
			<electronicMailAddress>support@sp2000.org</electronicMailAddress>
		</contact>		
	</dataset>
	
	<additionalMetadata>
		<metadata>
			<gbif>
				<dateStamp>2017-09-13T16:05:45+02:00</dateStamp>
				<citation identifier="http://www.catalogueoflife.org/col/info/cite" >Species 2000 &amp; ITIS Catalogue of Life: 25th August 2017, ICTV_MSL</citation>
				<resourceLogoUrl>http://www.catalogueoflife.org/col/images/databases/ICTV_MSL.png</resourceLogoUrl>
			</gbif>
			
			<sourceDatabase>
				<abbreviatedName>ICTV_MSL</abbreviatedName>
				<authorsAndEditors>Lefkowitz E.J. (ed)</authorsAndEditors>
				<version>Oct 2015</version>
			</sourceDatabase>
		</metadata>
	</additionalMetadata>
</eml:eml>
