<eml:eml xmlns:eml="eml://ecoinformatics.org/eml-2.1.1"
	xmlns:md="eml://ecoinformatics.org/methods-2.1.1" 
	xmlns:proj="eml://ecoinformatics.org/project-2.1.1"
	xmlns:d="eml://ecoinformatics.org/dataset-2.1.1" 
	xmlns:res="eml://ecoinformatics.org/resource-2.1.1"
	xmlns:dc="http://purl.org/dc/terms/" 
	xmlns:xsi="http://www.w3.org/2001/XMLSchema-instance"
	xsi:schemaLocation="eml://ecoinformatics.org/eml-2.1.1 http://rs.gbif.org/schema/eml-gbif-profile/dev/eml.xsd"
	packageId="193:2018-02-08"
	system="catalogueoflife.org" 
	scope="system" 
	xml:lang="eng">
	<dataset>
		<alternateIdentifier system="catalogueoflife.org">193</alternateIdentifier>

		<title xml:lang="eng">WoRMS Turbellarians: World List of turbellarian worms: Acoelomorpha, Catenulida, Rhabditophora in the Catalogue of Life</title>
		
		<creator>
			<organizationName>Species 2000 &amp; ITIS Catalogue of Life</organizationName>
			<address>
				<city>Leiden</city>
				<postalCode>2332 AA</postalCode>
				<country>NL</country>
			</address>
			<onlineUrl>http://www.catalogueoflife.org</onlineUrl>
		</creator>

		<metadataProvider>
			<organizationName>Species 2000 Secretariat</organizationName>
			<address>
				<city>Leiden</city>
				<postalCode>2332 AA</postalCode>
				<country>NL</country>
			</address>
			<onlineUrl>http://www.sp2000.org/</onlineUrl>
		</metadataProvider>

		<associatedParty>
			<individualName>
				<givenName></givenName>
				<surName>Tyler S. Artois T., Schilling S., Hooge M., Bush L.F. (eds)  (2006-2018).</surName>					
			</individualName>
			<role>editor</role>
		</associatedParty>
		
		<pubDate>1970-01-01</pubDate>

		<language>eng</language>
	
		<abstract>
			<para>The world list of Turbellarian worms, including the Acoelomorpha, Catenulida and Rhabditophora contains 3.425 accepted species names and is one of the most complete existing resources for Turbellarian taxa. This taxonomic database covers all turbellarian flatworms, freshwater as well as marine ones, and including parasitic turbellarians.</para>
		</abstract>
		
		<distribution scope="document">
			<online>
				<url function="information">http://www.marinespecies.org/turbellarians</url>
			</online>
		</distribution>
		
		<contact>
			<organizationName>Species 2000 Secretariat c/o Naturalis</organizationName>
			<address>
				<deliveryPoint>P.O. Box 9517</deliveryPoint>
				<city>Leiden</city>
				<postalCode>2332 AA</postalCode>
				<country>NL</country>
			</address>
			<phone>+31 71 7519362</phone>
			<electronicMailAddress>support@sp2000.org</electronicMailAddress>
		</contact>		
	</dataset>
	
	<additionalMetadata>
		<metadata>
			<gbif>
				<dateStamp>2018-02-08T06:11:08+01:00</dateStamp>
				<citation identifier="http://www.catalogueoflife.org/col/info/cite" >Species 2000 &amp; ITIS Catalogue of Life: XXth February 2018, WoRMS Turbellarians</citation>
				<resourceLogoUrl>http://www.catalogueoflife.org/col/images/databases/WoRMS_Turbellarians.png</resourceLogoUrl>
			</gbif>
			
			<sourceDatabase>
				<abbreviatedName>WoRMS Turbellarians</abbreviatedName>
				<authorsAndEditors>Tyler S. Artois T., Schilling S., Hooge M., Bush L.F. (eds)  (2006-2018).</authorsAndEditors>
				<version>2018-01-10</version>
			</sourceDatabase>
		</metadata>
	</additionalMetadata>
</eml:eml>
