<eml:eml xmlns:eml="eml://ecoinformatics.org/eml-2.1.1"
	xmlns:md="eml://ecoinformatics.org/methods-2.1.1" 
	xmlns:proj="eml://ecoinformatics.org/project-2.1.1"
	xmlns:d="eml://ecoinformatics.org/dataset-2.1.1" 
	xmlns:res="eml://ecoinformatics.org/resource-2.1.1"
	xmlns:dc="http://purl.org/dc/terms/" 
	xmlns:xsi="http://www.w3.org/2001/XMLSchema-instance"
	xsi:schemaLocation="eml://ecoinformatics.org/eml-2.1.1 http://rs.gbif.org/schema/eml-gbif-profile/dev/eml.xsd"
	packageId="82:2017-09-14"
	system="catalogueoflife.org" 
	scope="system" 
	xml:lang="eng">
	<dataset>
		<alternateIdentifier system="catalogueoflife.org">82</alternateIdentifier>

		<title xml:lang="eng">SpmWeb: Spider Mites Web in the Catalogue of Life</title>
		
		<creator>
			<organizationName>Species 2000 &amp; ITIS Catalogue of Life</organizationName>
			<address>
				<city>Leiden</city>
				<postalCode>2332 AA</postalCode>
				<country>NL</country>
			</address>
			<onlineUrl>http://www.catalogueoflife.org</onlineUrl>
		</creator>

		<metadataProvider>
			<organizationName>Species 2000 Secretariat</organizationName>
			<address>
				<city>Leiden</city>
				<postalCode>2332 AA</postalCode>
				<country>NL</country>
			</address>
			<onlineUrl>http://www.sp2000.org/</onlineUrl>
		</metadataProvider>

		<associatedParty>
			<individualName>
				<givenName></givenName>
				<surName>Migeon A. &amp; Dorkeld F.</surName>					
			</individualName>
			<role>editor</role>
		</associatedParty>
		
		<pubDate>2017-08-25</pubDate>

		<language>eng</language>
	
		<abstract>
			<para>Spider Mites Web is designated to give all information about the spider mites family (Acari: Tetranychidae). The aim is to provide comprehensive knowledge on all the spider mites in the world: the taxonomic data relating the history of nomenclature; the geographical distribution (with maps) and the host plants. All this knowledge gives a synthetic view of the biodiversity of these mites. Spider Mites Web contains 1,265 valid species recorded, 1,302 references, 12,004 host records on 3938 different plants, 5,511 geographic distribution records.</para>
		</abstract>
		
		<distribution scope="document">
			<online>
				<url function="information">http://www1.montpellier.inra.fr/CBGP/spmweb/</url>
			</online>
		</distribution>
		
		<contact>
			<organizationName>Species 2000 Secretariat c/o Naturalis</organizationName>
			<address>
				<deliveryPoint>P.O. Box 9517</deliveryPoint>
				<city>Leiden</city>
				<postalCode>2332 AA</postalCode>
				<country>NL</country>
			</address>
			<phone>+31 71 7519362</phone>
			<electronicMailAddress>support@sp2000.org</electronicMailAddress>
		</contact>		
	</dataset>
	
	<additionalMetadata>
		<metadata>
			<gbif>
				<dateStamp>2017-09-14T09:24:24+02:00</dateStamp>
				<citation identifier="http://www.catalogueoflife.org/col/info/cite" >Species 2000 &amp; ITIS Catalogue of Life: 25th August 2017, SpmWeb</citation>
				<resourceLogoUrl>http://www.catalogueoflife.org/col/images/databases/SpmWeb.png</resourceLogoUrl>
			</gbif>
			
			<sourceDatabase>
				<abbreviatedName>SpmWeb</abbreviatedName>
				<authorsAndEditors>Migeon A. &amp; Dorkeld F.</authorsAndEditors>
				<version>Jul 2011</version>
			</sourceDatabase>
		</metadata>
	</additionalMetadata>
</eml:eml>
