<eml:eml xmlns:eml="eml://ecoinformatics.org/eml-2.1.1"
	xmlns:md="eml://ecoinformatics.org/methods-2.1.1" 
	xmlns:proj="eml://ecoinformatics.org/project-2.1.1"
	xmlns:d="eml://ecoinformatics.org/dataset-2.1.1" 
	xmlns:res="eml://ecoinformatics.org/resource-2.1.1"
	xmlns:dc="http://purl.org/dc/terms/" 
	xmlns:xsi="http://www.w3.org/2001/XMLSchema-instance"
	xsi:schemaLocation="eml://ecoinformatics.org/eml-2.1.1 http://rs.gbif.org/schema/eml-gbif-profile/dev/eml.xsd"
	packageId="94:2017-09-14"
	system="catalogueoflife.org" 
	scope="system" 
	xml:lang="eng">
	<dataset>
		<alternateIdentifier system="catalogueoflife.org">94</alternateIdentifier>

		<title xml:lang="eng">WoRMS Isopoda: World Marine, Freshwater and Terrestrial Isopod Crustaceans database in the Catalogue of Life</title>
		
		<creator>
			<organizationName>Species 2000 &amp; ITIS Catalogue of Life</organizationName>
			<address>
				<city>Leiden</city>
				<postalCode>2332 AA</postalCode>
				<country>NL</country>
			</address>
			<onlineUrl>http://www.catalogueoflife.org</onlineUrl>
		</creator>

		<metadataProvider>
			<organizationName>Species 2000 Secretariat</organizationName>
			<address>
				<city>Leiden</city>
				<postalCode>2332 AA</postalCode>
				<country>NL</country>
			</address>
			<onlineUrl>http://www.sp2000.org/</onlineUrl>
		</metadataProvider>

		<associatedParty>
			<individualName>
				<givenName></givenName>
				<surName>Boyko C.B, Bruce N.L., Hadfield K.A., Merrin K.L., Ota Y., Poore G.C.B., Taiti S., Schotte M. &amp; Wilson G.D.F. (Eds) (2008 onwards).</surName>					
			</individualName>
			<role>editor</role>
		</associatedParty>
		
		<pubDate>2017-08-25</pubDate>

		<language>eng</language>
	
		<abstract>
			<para>This list began as an initiative of the US National Museum of Natural History, Smithsonian Institution, maintained by the late Brian Kensley and Marilyn Schotte. It grew into a valuable resource http://invertebrates.si.edu/isopod/ for providing nomenclature on the Isopoda: Schotte, M., B.F. Kensley, and S. Shilling (1995 onwards). World list of Marine, Freshwater and Terrestrial Crustacea Isopoda. National Museum of Natural History Smithsonian Institution: Washington D.C., USA. This list is now reconstructed at http://www.marinespecies.org, with more detailed information on synonymies and distributions, and a capability to host more information, such as images, original literature, and specimen data. This list will be transferred on a monthly basis back to the Smithsonian site. Data have been contributed to the Catalogue of Life via the WoRMS, hosted by the Flanders Marine Institute (VLIZ).</para>
		</abstract>
		
		<distribution scope="document">
			<online>
				<url function="information">http://www.marinespecies.org/isopoda</url>
			</online>
		</distribution>
		
		<contact>
			<organizationName>Species 2000 Secretariat c/o Naturalis</organizationName>
			<address>
				<deliveryPoint>P.O. Box 9517</deliveryPoint>
				<city>Leiden</city>
				<postalCode>2332 AA</postalCode>
				<country>NL</country>
			</address>
			<phone>+31 71 7519362</phone>
			<electronicMailAddress>support@sp2000.org</electronicMailAddress>
		</contact>		
	</dataset>
	
	<additionalMetadata>
		<metadata>
			<gbif>
				<dateStamp>2017-09-14T11:29:38+02:00</dateStamp>
				<citation identifier="http://www.catalogueoflife.org/col/info/cite" >Species 2000 &amp; ITIS Catalogue of Life: 25th August 2017, WoRMS Isopoda</citation>
				<resourceLogoUrl>http://www.catalogueoflife.org/col/images/databases/WoRMS_Isopoda.png</resourceLogoUrl>
			</gbif>
			
			<sourceDatabase>
				<abbreviatedName>WoRMS Isopoda</abbreviatedName>
				<authorsAndEditors>Boyko C.B, Bruce N.L., Hadfield K.A., Merrin K.L., Ota Y., Poore G.C.B., Taiti S., Schotte M. &amp; Wilson G.D.F. (Eds) (2008 onwards).</authorsAndEditors>
				<version>2017-08-01</version>
			</sourceDatabase>
		</metadata>
	</additionalMetadata>
</eml:eml>
