<eml:eml xmlns:eml="eml://ecoinformatics.org/eml-2.1.1"
	xmlns:md="eml://ecoinformatics.org/methods-2.1.1" 
	xmlns:proj="eml://ecoinformatics.org/project-2.1.1"
	xmlns:d="eml://ecoinformatics.org/dataset-2.1.1" 
	xmlns:res="eml://ecoinformatics.org/resource-2.1.1"
	xmlns:dc="http://purl.org/dc/terms/" 
	xmlns:xsi="http://www.w3.org/2001/XMLSchema-instance"
	xsi:schemaLocation="eml://ecoinformatics.org/eml-2.1.1 http://rs.gbif.org/schema/eml-gbif-profile/dev/eml.xsd"
	packageId="190:2018-02-07"
	system="catalogueoflife.org" 
	scope="system" 
	xml:lang="eng">
	<dataset>
		<alternateIdentifier system="catalogueoflife.org">190</alternateIdentifier>

		<title xml:lang="eng">Jewel Beetles: The World of Jewel Beetles  in the Catalogue of Life</title>
		
		<creator>
			<organizationName>Species 2000 &amp; ITIS Catalogue of Life</organizationName>
			<address>
				<city>Leiden</city>
				<postalCode>2332 AA</postalCode>
				<country>NL</country>
			</address>
			<onlineUrl>http://www.catalogueoflife.org</onlineUrl>
		</creator>

		<metadataProvider>
			<organizationName>Species 2000 Secretariat</organizationName>
			<address>
				<city>Leiden</city>
				<postalCode>2332 AA</postalCode>
				<country>NL</country>
			</address>
			<onlineUrl>http://www.sp2000.org/</onlineUrl>
		</metadataProvider>

		<associatedParty>
			<individualName>
				<givenName></givenName>
				<surName>Bellamy C.L.(†)</surName>					
			</individualName>
			<role>editor</role>
		</associatedParty>
		
		<pubDate>1970-01-01</pubDate>

		<language>eng</language>
	
		<abstract>
			<para>This Buprestoidea checklist was harvested by Dmitry Mozzherin from the original website The World of Jewel Beetles created by Chuck Bellamy (1951-2013). Data are published in the Catalogue of Life with kind permission of the website keepers Gino Nearns &amp;amp; Ted MacRae, at the Coleopterists Society (&amp;lt;a href=&amp;quot;http://coleopsoc.org/&amp;quot;&amp;gt;http://coleopsoc.org&amp;lt;/a&amp;gt;), and Pensoft, a publisher of comprehensive Bellamy’s monograph &amp;lt;a href=&amp;quot;https://ebooks.pensoft.net/author.php?auth=5803&amp;quot;&amp;gt;&amp;lt;i&amp;gt;A World Catalogue and Bibliography of the Jewel Beetles (Coleoptera: Buprestoidea), 2008, Vol. 1-5. Pensoft Series Faunistica N 76-80, p. 1-3264&amp;lt;/i&amp;gt;&amp;lt;/a&amp;gt;. </para>
		</abstract>
		
		<distribution scope="document">
			<online>
				<url function="information">http://coleopsoc.org/buprestidae/index.html</url>
			</online>
		</distribution>
		
		<contact>
			<organizationName>Species 2000 Secretariat c/o Naturalis</organizationName>
			<address>
				<deliveryPoint>P.O. Box 9517</deliveryPoint>
				<city>Leiden</city>
				<postalCode>2332 AA</postalCode>
				<country>NL</country>
			</address>
			<phone>+31 71 7519362</phone>
			<electronicMailAddress>support@sp2000.org</electronicMailAddress>
		</contact>		
	</dataset>
	
	<additionalMetadata>
		<metadata>
			<gbif>
				<dateStamp>2018-02-07T18:53:13+01:00</dateStamp>
				<citation identifier="http://www.catalogueoflife.org/col/info/cite" >Species 2000 &amp; ITIS Catalogue of Life: XXth February 2018, Jewel Beetles</citation>
				<resourceLogoUrl>http://www.catalogueoflife.org/col/images/databases/Jewel_Beetles.png</resourceLogoUrl>
			</gbif>
			
			<sourceDatabase>
				<abbreviatedName>Jewel Beetles</abbreviatedName>
				<authorsAndEditors>Bellamy C.L.(†)</authorsAndEditors>
				<version>Aug 2014</version>
			</sourceDatabase>
		</metadata>
	</additionalMetadata>
</eml:eml>
