<eml:eml xmlns:eml="eml://ecoinformatics.org/eml-2.1.1"
	xmlns:md="eml://ecoinformatics.org/methods-2.1.1" 
	xmlns:proj="eml://ecoinformatics.org/project-2.1.1"
	xmlns:d="eml://ecoinformatics.org/dataset-2.1.1" 
	xmlns:res="eml://ecoinformatics.org/resource-2.1.1"
	xmlns:dc="http://purl.org/dc/terms/" 
	xmlns:xsi="http://www.w3.org/2001/XMLSchema-instance"
	xsi:schemaLocation="eml://ecoinformatics.org/eml-2.1.1 http://rs.gbif.org/schema/eml-gbif-profile/dev/eml.xsd"
	packageId="36:2017-09-14"
	system="catalogueoflife.org" 
	scope="system" 
	xml:lang="eng">
	<dataset>
		<alternateIdentifier system="catalogueoflife.org">36</alternateIdentifier>

		<title xml:lang="eng">Xylariaceae: Home of the Xylariaceae in the Catalogue of Life</title>
		
		<creator>
			<organizationName>Species 2000 &amp; ITIS Catalogue of Life</organizationName>
			<address>
				<city>Leiden</city>
				<postalCode>2332 AA</postalCode>
				<country>NL</country>
			</address>
			<onlineUrl>http://www.catalogueoflife.org</onlineUrl>
		</creator>

		<metadataProvider>
			<organizationName>Species 2000 Secretariat</organizationName>
			<address>
				<city>Leiden</city>
				<postalCode>2332 AA</postalCode>
				<country>NL</country>
			</address>
			<onlineUrl>http://www.sp2000.org/</onlineUrl>
		</metadataProvider>

		<associatedParty>
			<individualName>
				<givenName></givenName>
				<surName>Ju Y.M. &amp; Rogers J. </surName>					
			</individualName>
			<role>editor</role>
		</associatedParty>
		
		<pubDate>2017-08-25</pubDate>

		<language>eng</language>
	
		<abstract>
			<para>Members of the Xylariaceae are among the most commonly encountered groups of ascomycetes. Most are inhabitants of wood, seeds, fruits or leaves of angiosperms; some are associated with insect nests. Whilst most are saprobic and decay wood, some are plant pathogens; many are endophytes. They are commonly found throughout the temperate and tropical regions of the World.</para>
		</abstract>
		
		<distribution scope="document">
			<online>
				<url function="information">http://mycology.sinica.edu.tw/xylariaceae/default.asp</url>
			</online>
		</distribution>
		
		<contact>
			<organizationName>Species 2000 Secretariat c/o Naturalis</organizationName>
			<address>
				<deliveryPoint>P.O. Box 9517</deliveryPoint>
				<city>Leiden</city>
				<postalCode>2332 AA</postalCode>
				<country>NL</country>
			</address>
			<phone>+31 71 7519362</phone>
			<electronicMailAddress>support@sp2000.org</electronicMailAddress>
		</contact>		
	</dataset>
	
	<additionalMetadata>
		<metadata>
			<gbif>
				<dateStamp>2017-09-14T14:30:10+02:00</dateStamp>
				<citation identifier="http://www.catalogueoflife.org/col/info/cite" >Species 2000 &amp; ITIS Catalogue of Life: 25th August 2017, Xylariaceae</citation>
				<resourceLogoUrl>http://www.catalogueoflife.org/col/images/databases/Xylariaceae.png</resourceLogoUrl>
			</gbif>
			
			<sourceDatabase>
				<abbreviatedName>Xylariaceae</abbreviatedName>
				<authorsAndEditors>Ju Y.M. &amp; Rogers J. </authorsAndEditors>
				<version>Jan 2016</version>
			</sourceDatabase>
		</metadata>
	</additionalMetadata>
</eml:eml>
