<eml:eml xmlns:eml="eml://ecoinformatics.org/eml-2.1.1"
	xmlns:md="eml://ecoinformatics.org/methods-2.1.1" 
	xmlns:proj="eml://ecoinformatics.org/project-2.1.1"
	xmlns:d="eml://ecoinformatics.org/dataset-2.1.1" 
	xmlns:res="eml://ecoinformatics.org/resource-2.1.1"
	xmlns:dc="http://purl.org/dc/terms/" 
	xmlns:xsi="http://www.w3.org/2001/XMLSchema-instance"
	xsi:schemaLocation="eml://ecoinformatics.org/eml-2.1.1 http://rs.gbif.org/schema/eml-gbif-profile/dev/eml.xsd"
	packageId="80:2017-09-13"
	system="catalogueoflife.org" 
	scope="system" 
	xml:lang="eng">
	<dataset>
		<alternateIdentifier system="catalogueoflife.org">80</alternateIdentifier>

		<title xml:lang="eng">BdelloideaBase: Bdellid &amp; Cunaxid Databases in the Catalogue of Life</title>
		
		<creator>
			<organizationName>Species 2000 &amp; ITIS Catalogue of Life</organizationName>
			<address>
				<city>Leiden</city>
				<postalCode>2332 AA</postalCode>
				<country>NL</country>
			</address>
			<onlineUrl>http://www.catalogueoflife.org</onlineUrl>
		</creator>

		<metadataProvider>
			<organizationName>Species 2000 Secretariat</organizationName>
			<address>
				<city>Leiden</city>
				<postalCode>2332 AA</postalCode>
				<country>NL</country>
			</address>
			<onlineUrl>http://www.sp2000.org/</onlineUrl>
		</metadataProvider>

		<associatedParty>
			<individualName>
				<givenName></givenName>
				<surName>Den Heyer J. &amp; Hernandes F.A.</surName>					
			</individualName>
			<role>editor</role>
		</associatedParty>
		
		<pubDate>2017-08-25</pubDate>

		<language>eng</language>
	
		<abstract>
			<para>The Bdelloidea are free-living, predatory mites with a cosmopolitan distribution, inhabiting practically all temperate zones. They inhabit the top soil layer, most vegetation strata and the marine littoral zone. The CunaxidBase was compiled by Dr. Jacob den Heyer (custodian), consisting of 329 species and 4 synonyms. The BdellidBase, consisting of 246 valid species and 66 synonyms, was compiled by Drs Jacob den Heyer and F.A. Hernandes (custodian). The BdelloideaBase substitutes for the CunaxidBase of the 2011 Annual Checklist.</para>
		</abstract>
		
		<distribution scope="document">
			<online>
				<url function="information"></url>
			</online>
		</distribution>
		
		<contact>
			<organizationName>Species 2000 Secretariat c/o Naturalis</organizationName>
			<address>
				<deliveryPoint>P.O. Box 9517</deliveryPoint>
				<city>Leiden</city>
				<postalCode>2332 AA</postalCode>
				<country>NL</country>
			</address>
			<phone>+31 71 7519362</phone>
			<electronicMailAddress>support@sp2000.org</electronicMailAddress>
		</contact>		
	</dataset>
	
	<additionalMetadata>
		<metadata>
			<gbif>
				<dateStamp>2017-09-13T15:20:31+02:00</dateStamp>
				<citation identifier="http://www.catalogueoflife.org/col/info/cite" >Species 2000 &amp; ITIS Catalogue of Life: 25th August 2017, BdelloideaBase</citation>
				<resourceLogoUrl>http://www.catalogueoflife.org/col/images/databases/BdelloideaBase.png</resourceLogoUrl>
			</gbif>
			
			<sourceDatabase>
				<abbreviatedName>BdelloideaBase</abbreviatedName>
				<authorsAndEditors>Den Heyer J. &amp; Hernandes F.A.</authorsAndEditors>
				<version>Feb 2013</version>
			</sourceDatabase>
		</metadata>
	</additionalMetadata>
</eml:eml>
