<eml:eml xmlns:eml="eml://ecoinformatics.org/eml-2.1.1"
	xmlns:md="eml://ecoinformatics.org/methods-2.1.1" 
	xmlns:proj="eml://ecoinformatics.org/project-2.1.1"
	xmlns:d="eml://ecoinformatics.org/dataset-2.1.1" 
	xmlns:res="eml://ecoinformatics.org/resource-2.1.1"
	xmlns:dc="http://purl.org/dc/terms/" 
	xmlns:xsi="http://www.w3.org/2001/XMLSchema-instance"
	xsi:schemaLocation="eml://ecoinformatics.org/eml-2.1.1 http://rs.gbif.org/schema/eml-gbif-profile/dev/eml.xsd"
	packageId="171:2017-09-13"
	system="catalogueoflife.org" 
	scope="system" 
	xml:lang="eng">
	<dataset>
		<alternateIdentifier system="catalogueoflife.org">171</alternateIdentifier>

		<title xml:lang="eng">PBI Plant Bug: On-line Systematic Catalog of Plant Bugs (Insecta: Heteroptera: Miridae) in the Catalogue of Life</title>
		
		<creator>
			<organizationName>Species 2000 &amp; ITIS Catalogue of Life</organizationName>
			<address>
				<city>Leiden</city>
				<postalCode>2332 AA</postalCode>
				<country>NL</country>
			</address>
			<onlineUrl>http://www.catalogueoflife.org</onlineUrl>
		</creator>

		<metadataProvider>
			<organizationName>Species 2000 Secretariat</organizationName>
			<address>
				<city>Leiden</city>
				<postalCode>2332 AA</postalCode>
				<country>NL</country>
			</address>
			<onlineUrl>http://www.sp2000.org/</onlineUrl>
		</metadataProvider>

		<associatedParty>
			<individualName>
				<givenName></givenName>
				<surName>Schuh R.T.</surName>					
			</individualName>
			<role>editor</role>
		</associatedParty>
		
		<pubDate>2017-08-25</pubDate>

		<language>eng</language>
	
		<abstract>
			<para>The Planetary Biodiversity Inventory (PBI) for Plant Bugs provides a resource about the global plant bug subfamilies Orthotylinae and Phylinae (Insecta: Heteroptera: Miridae) to systematists, insect ecologists, conservation biologists, the general public, and students via the Internet. The database was made possible with the generous support from the National Science Foundation in 2003-2011.</para>
		</abstract>
		
		<distribution scope="document">
			<online>
				<url function="information">http://research.amnh.org/pbi/index.html</url>
			</online>
		</distribution>
		
		<contact>
			<organizationName>Species 2000 Secretariat c/o Naturalis</organizationName>
			<address>
				<deliveryPoint>P.O. Box 9517</deliveryPoint>
				<city>Leiden</city>
				<postalCode>2332 AA</postalCode>
				<country>NL</country>
			</address>
			<phone>+31 71 7519362</phone>
			<electronicMailAddress>support@sp2000.org</electronicMailAddress>
		</contact>		
	</dataset>
	
	<additionalMetadata>
		<metadata>
			<gbif>
				<dateStamp>2017-09-13T17:24:10+02:00</dateStamp>
				<citation identifier="http://www.catalogueoflife.org/col/info/cite" >Species 2000 &amp; ITIS Catalogue of Life: 25th August 2017, PBI Plant Bug</citation>
				<resourceLogoUrl>http://www.catalogueoflife.org/col/images/databases/PBI_Plant_Bug.png</resourceLogoUrl>
			</gbif>
			
			<sourceDatabase>
				<abbreviatedName>PBI Plant Bug</abbreviatedName>
				<authorsAndEditors>Schuh R.T.</authorsAndEditors>
				<version>Mar 2013</version>
			</sourceDatabase>
		</metadata>
	</additionalMetadata>
</eml:eml>
