<eml:eml xmlns:eml="eml://ecoinformatics.org/eml-2.1.1"
	xmlns:md="eml://ecoinformatics.org/methods-2.1.1" 
	xmlns:proj="eml://ecoinformatics.org/project-2.1.1"
	xmlns:d="eml://ecoinformatics.org/dataset-2.1.1" 
	xmlns:res="eml://ecoinformatics.org/resource-2.1.1"
	xmlns:dc="http://purl.org/dc/terms/" 
	xmlns:xsi="http://www.w3.org/2001/XMLSchema-instance"
	xsi:schemaLocation="eml://ecoinformatics.org/eml-2.1.1 http://rs.gbif.org/schema/eml-gbif-profile/dev/eml.xsd"
	packageId="50:2018-02-07"
	system="catalogueoflife.org" 
	scope="system" 
	xml:lang="eng">
	<dataset>
		<alternateIdentifier system="catalogueoflife.org">50</alternateIdentifier>

		<title xml:lang="eng">SF Phasmida: Phasmida Species File  in the Catalogue of Life</title>
		
		<creator>
			<organizationName>Species 2000 &amp; ITIS Catalogue of Life</organizationName>
			<address>
				<city>Leiden</city>
				<postalCode>2332 AA</postalCode>
				<country>NL</country>
			</address>
			<onlineUrl>http://www.catalogueoflife.org</onlineUrl>
		</creator>

		<metadataProvider>
			<organizationName>Species 2000 Secretariat</organizationName>
			<address>
				<city>Leiden</city>
				<postalCode>2332 AA</postalCode>
				<country>NL</country>
			</address>
			<onlineUrl>http://www.sp2000.org/</onlineUrl>
		</metadataProvider>

		<associatedParty>
			<individualName>
				<givenName></givenName>
				<surName>Brock P.D., Büscher T. &amp; Baker E.</surName>					
			</individualName>
			<role>editor</role>
		</associatedParty>
		
		<pubDate>1970-01-01</pubDate>

		<language>eng</language>
	
		<abstract>
			<para>The Phasmida Species File is a taxonomic database of the world&amp;#039;s Phasmida (stick and leaf insects, known as walking sticks and walking leaves in the U.S.). It contains full synonymic and taxonomic information for c. 3,050 valid species. There are c. 27,600 citations to c. 2500 references, also c. 6,200 specimen records and more than 11,500 images of over two thirds of valid species. The database is being continually updated by the author (Paul Brock), making it user friendly to taxonomists and rearers.</para>
		</abstract>
		
		<distribution scope="document">
			<online>
				<url function="information">http://phasmida.speciesfile.org </url>
			</online>
		</distribution>
		
		<contact>
			<organizationName>Species 2000 Secretariat c/o Naturalis</organizationName>
			<address>
				<deliveryPoint>P.O. Box 9517</deliveryPoint>
				<city>Leiden</city>
				<postalCode>2332 AA</postalCode>
				<country>NL</country>
			</address>
			<phone>+31 71 7519362</phone>
			<electronicMailAddress>support@sp2000.org</electronicMailAddress>
		</contact>		
	</dataset>
	
	<additionalMetadata>
		<metadata>
			<gbif>
				<dateStamp>2018-02-07T21:44:21+01:00</dateStamp>
				<citation identifier="http://www.catalogueoflife.org/col/info/cite" >Species 2000 &amp; ITIS Catalogue of Life: XXth February 2018, SF Phasmida</citation>
				<resourceLogoUrl>http://www.catalogueoflife.org/col/images/databases/SF_Phasmida.png</resourceLogoUrl>
			</gbif>
			
			<sourceDatabase>
				<abbreviatedName>SF Phasmida</abbreviatedName>
				<authorsAndEditors>Brock P.D., Büscher T. &amp; Baker E.</authorsAndEditors>
				<version>5.0, Dec 2017</version>
			</sourceDatabase>
		</metadata>
	</additionalMetadata>
</eml:eml>
