<eml:eml xmlns:eml="eml://ecoinformatics.org/eml-2.1.1"
	xmlns:md="eml://ecoinformatics.org/methods-2.1.1" 
	xmlns:proj="eml://ecoinformatics.org/project-2.1.1"
	xmlns:d="eml://ecoinformatics.org/dataset-2.1.1" 
	xmlns:res="eml://ecoinformatics.org/resource-2.1.1"
	xmlns:dc="http://purl.org/dc/terms/" 
	xmlns:xsi="http://www.w3.org/2001/XMLSchema-instance"
	xsi:schemaLocation="eml://ecoinformatics.org/eml-2.1.1 http://rs.gbif.org/schema/eml-gbif-profile/dev/eml.xsd"
	packageId="133:2017-09-13"
	system="catalogueoflife.org" 
	scope="system" 
	xml:lang="eng">
	<dataset>
		<alternateIdentifier system="catalogueoflife.org">133</alternateIdentifier>

		<title xml:lang="eng">PsocodeaSF: Psocodea Species File in the Catalogue of Life</title>
		
		<creator>
			<organizationName>Species 2000 &amp; ITIS Catalogue of Life</organizationName>
			<address>
				<city>Leiden</city>
				<postalCode>2332 AA</postalCode>
				<country>NL</country>
			</address>
			<onlineUrl>http://www.catalogueoflife.org</onlineUrl>
		</creator>

		<metadataProvider>
			<organizationName>Species 2000 Secretariat</organizationName>
			<address>
				<city>Leiden</city>
				<postalCode>2332 AA</postalCode>
				<country>NL</country>
			</address>
			<onlineUrl>http://www.sp2000.org/</onlineUrl>
		</metadataProvider>

		<associatedParty>
			<individualName>
				<givenName></givenName>
				<surName>Johnson K.P., Smith V.S. &amp; Eades D.C.</surName>					
			</individualName>
			<role>editor</role>
		</associatedParty>
		
		<pubDate>2017-08-25</pubDate>

		<language>eng</language>
	
		<abstract>
			<para>The Psocodea Species File is a taxonomic database that includes data for Psocoptera and Phthiraptera. Data includes synonymies and citations for all recognized species. Parasitic lice are embedded within bark lice, and thus the single order Psocodea is recognized for both groups. The database currently contains data from &amp;quot;Psocoptera (Insecta): World Catalogue and Bibliography&amp;quot; by Lienhard and Smithers 2002. Updates for Psocoptera are in the process of being added. Data from major Phthiraptera catalogs will be added at a later date, together with host associations. When completed this database will house data from over 10,000 valid species and associated data.</para>
		</abstract>
		
		<distribution scope="document">
			<online>
				<url function="information">http://psocodea.speciesfile.org</url>
			</online>
		</distribution>
		
		<contact>
			<organizationName>Species 2000 Secretariat c/o Naturalis</organizationName>
			<address>
				<deliveryPoint>P.O. Box 9517</deliveryPoint>
				<city>Leiden</city>
				<postalCode>2332 AA</postalCode>
				<country>NL</country>
			</address>
			<phone>+31 71 7519362</phone>
			<electronicMailAddress>support@sp2000.org</electronicMailAddress>
		</contact>		
	</dataset>
	
	<additionalMetadata>
		<metadata>
			<gbif>
				<dateStamp>2017-09-13T17:29:31+02:00</dateStamp>
				<citation identifier="http://www.catalogueoflife.org/col/info/cite" >Species 2000 &amp; ITIS Catalogue of Life: 25th August 2017, PsocodeaSF</citation>
				<resourceLogoUrl>http://www.catalogueoflife.org/col/images/databases/PsocodeaSF.png</resourceLogoUrl>
			</gbif>
			
			<sourceDatabase>
				<abbreviatedName>PsocodeaSF</abbreviatedName>
				<authorsAndEditors>Johnson K.P., Smith V.S. &amp; Eades D.C.</authorsAndEditors>
				<version>5.0, Jun 2017</version>
			</sourceDatabase>
		</metadata>
	</additionalMetadata>
</eml:eml>
