<eml:eml xmlns:eml="eml://ecoinformatics.org/eml-2.1.1"
	xmlns:md="eml://ecoinformatics.org/methods-2.1.1" 
	xmlns:proj="eml://ecoinformatics.org/project-2.1.1"
	xmlns:d="eml://ecoinformatics.org/dataset-2.1.1" 
	xmlns:res="eml://ecoinformatics.org/resource-2.1.1"
	xmlns:dc="http://purl.org/dc/terms/" 
	xmlns:xsi="http://www.w3.org/2001/XMLSchema-instance"
	xsi:schemaLocation="eml://ecoinformatics.org/eml-2.1.1 http://rs.gbif.org/schema/eml-gbif-profile/dev/eml.xsd"
	packageId="175:2017-09-14"
	system="catalogueoflife.org" 
	scope="system" 
	xml:lang="eng">
	<dataset>
		<alternateIdentifier system="catalogueoflife.org">175</alternateIdentifier>

		<title xml:lang="eng">WoRMS Ostracoda: World Ostracoda Database in the Catalogue of Life</title>
		
		<creator>
			<organizationName>Species 2000 &amp; ITIS Catalogue of Life</organizationName>
			<address>
				<city>Leiden</city>
				<postalCode>2332 AA</postalCode>
				<country>NL</country>
			</address>
			<onlineUrl>http://www.catalogueoflife.org</onlineUrl>
		</creator>

		<metadataProvider>
			<organizationName>Species 2000 Secretariat</organizationName>
			<address>
				<city>Leiden</city>
				<postalCode>2332 AA</postalCode>
				<country>NL</country>
			</address>
			<onlineUrl>http://www.sp2000.org/</onlineUrl>
		</metadataProvider>

		<associatedParty>
			<individualName>
				<givenName></givenName>
				<surName>Brandão S.N. Angel M.V. Karanovic I. Perrier V. &amp; Yasuhara M.</surName>					
			</individualName>
			<role>editor</role>
		</associatedParty>
		
		<pubDate>2017-08-25</pubDate>

		<language>eng</language>
	
		<abstract>
			<para>The Recent or extant taxa from the World Ostracoda Database-World Register of Marine Species includes mostly marine species, and was data-mined from thousands of publications (see sources in WoRMS). Concerning the Recent non-marine  Ostracoda, very few of the 2,000 species and approximately 200 genera of are included in the present data, because they have already been compiled by Martens et al. (2007). Concerning the high level classification (i.e., down to family level), we follow different authors. The Recent Podocopa classification mostly follows Horne et al. (2002), with two exceptions. First, we include Platycopida within the subclass Platycopa, while Horne et al. (2002) place it within Podocopa. Second, we place the superfamily Puncioidea (which includes a few Recent species) directly in the subclass Palaeocopa, while Horne et al (2002) include it within Subclass Podocopa, order Palaeocopida and  Suborder Kirkbyocopina. The classification of Recent Myodocopa follows diverse classifications of Kornicker and collaborators (e.g. Kornicker et al., 2007).    Horne, D.J., Cohen, A.C. &amp;amp; Martens, K. (2002). Taxonomy, morphology and biology of Quaternary and living Ostracoda. In: J. Holmes and A. Chivas (Eds), The Ostracoda. Applications in Quaternary Research. Geophysical Monograph. American Geophysical Union, Washington, DC, pp. 5-35.     Kornicker, L.S., Iliffe, T.M. &amp;amp; Harrison-Nelson, E. (2007) Ostracoda (Myodocopa) from anchialine caves and ocean blue holes. Zootaxa 1565, 3-151.     Martens, K., Schön, I., Meisch, C. &amp;amp; Horne, D.J. (2008) Global diversity of ostracods (Ostracoda, Crustacea) in freshwater. Hydrobiologia 595, 185-193.</para>
		</abstract>
		
		<distribution scope="document">
			<online>
				<url function="information">http://www.marinespecies.org/ostracoda</url>
			</online>
		</distribution>
		
		<contact>
			<organizationName>Species 2000 Secretariat c/o Naturalis</organizationName>
			<address>
				<deliveryPoint>P.O. Box 9517</deliveryPoint>
				<city>Leiden</city>
				<postalCode>2332 AA</postalCode>
				<country>NL</country>
			</address>
			<phone>+31 71 7519362</phone>
			<electronicMailAddress>support@sp2000.org</electronicMailAddress>
		</contact>		
	</dataset>
	
	<additionalMetadata>
		<metadata>
			<gbif>
				<dateStamp>2017-09-14T14:00:36+02:00</dateStamp>
				<citation identifier="http://www.catalogueoflife.org/col/info/cite" >Species 2000 &amp; ITIS Catalogue of Life: 25th August 2017, WoRMS Ostracoda</citation>
				<resourceLogoUrl>http://www.catalogueoflife.org/col/images/databases/WoRMS_Ostracoda.png</resourceLogoUrl>
			</gbif>
			
			<sourceDatabase>
				<abbreviatedName>WoRMS Ostracoda</abbreviatedName>
				<authorsAndEditors>Brandão S.N. Angel M.V. Karanovic I. Perrier V. &amp; Yasuhara M.</authorsAndEditors>
				<version>2017-07-01</version>
			</sourceDatabase>
		</metadata>
	</additionalMetadata>
</eml:eml>
