<eml:eml xmlns:eml="eml://ecoinformatics.org/eml-2.1.1"
	xmlns:md="eml://ecoinformatics.org/methods-2.1.1" 
	xmlns:proj="eml://ecoinformatics.org/project-2.1.1"
	xmlns:d="eml://ecoinformatics.org/dataset-2.1.1" 
	xmlns:res="eml://ecoinformatics.org/resource-2.1.1"
	xmlns:dc="http://purl.org/dc/terms/" 
	xmlns:xsi="http://www.w3.org/2001/XMLSchema-instance"
	xsi:schemaLocation="eml://ecoinformatics.org/eml-2.1.1 http://rs.gbif.org/schema/eml-gbif-profile/dev/eml.xsd"
	packageId="198:2018-02-07"
	system="catalogueoflife.org" 
	scope="system" 
	xml:lang="eng">
	<dataset>
		<alternateIdentifier system="catalogueoflife.org">198</alternateIdentifier>

		<title xml:lang="eng">SF Isoptera: Isoptera Species File in the Catalogue of Life</title>
		
		<creator>
			<organizationName>Species 2000 &amp; ITIS Catalogue of Life</organizationName>
			<address>
				<city>Leiden</city>
				<postalCode>2332 AA</postalCode>
				<country>NL</country>
			</address>
			<onlineUrl>http://www.catalogueoflife.org</onlineUrl>
		</creator>

		<metadataProvider>
			<organizationName>Species 2000 Secretariat</organizationName>
			<address>
				<city>Leiden</city>
				<postalCode>2332 AA</postalCode>
				<country>NL</country>
			</address>
			<onlineUrl>http://www.sp2000.org/</onlineUrl>
		</metadataProvider>

		<associatedParty>
			<individualName>
				<givenName></givenName>
				<surName>South E.J. after Krishna K., Grimaldi D.A., Krishna V. &amp; Engel M.S.</surName>					
			</individualName>
			<role>editor</role>
		</associatedParty>
		
		<pubDate>1970-01-01</pubDate>

		<language>eng</language>
	
		<abstract>
			<para>Isoptera Species File is a digital global checklist of extant and fossil termite species. The list of valid names is derived from seven volumes of &amp;lt;i&amp;gt;Treatise on the Isoptera of the World&amp;lt;/i&amp;gt; by &amp;lt;i&amp;gt;Krishna, K., Grimaldi, D. A., Krishna, V., and M. S. Engel (2013)&amp;lt;/i&amp;gt; published in the &amp;lt;i&amp;gt;Bulletin of the American Museum of Natural History, 377: 1-2704&amp;lt;/i&amp;gt;. &amp;lt;a href=&amp;quot;https://doi.org/10.1206/377.1&amp;quot; target=&amp;quot;_blank&amp;quot;&amp;gt;doi: 10.1206/377.1&amp;lt;/a&amp;gt;. Future versions of the database will include synonyms, references, and distribution data.</para>
		</abstract>
		
		<distribution scope="document">
			<online>
				<url function="information"></url>
			</online>
		</distribution>
		
		<contact>
			<organizationName>Species 2000 Secretariat c/o Naturalis</organizationName>
			<address>
				<deliveryPoint>P.O. Box 9517</deliveryPoint>
				<city>Leiden</city>
				<postalCode>2332 AA</postalCode>
				<country>NL</country>
			</address>
			<phone>+31 71 7519362</phone>
			<electronicMailAddress>support@sp2000.org</electronicMailAddress>
		</contact>		
	</dataset>
	
	<additionalMetadata>
		<metadata>
			<gbif>
				<dateStamp>2018-02-07T21:29:55+01:00</dateStamp>
				<citation identifier="http://www.catalogueoflife.org/col/info/cite" >Species 2000 &amp; ITIS Catalogue of Life: XXth February 2018, SF Isoptera</citation>
				<resourceLogoUrl>http://www.catalogueoflife.org/col/images/databases/SF_Isoptera.png</resourceLogoUrl>
			</gbif>
			
			<sourceDatabase>
				<abbreviatedName>SF Isoptera</abbreviatedName>
				<authorsAndEditors>South E.J. after Krishna K., Grimaldi D.A., Krishna V. &amp; Engel M.S.</authorsAndEditors>
				<version>2018-01-18</version>
			</sourceDatabase>
		</metadata>
	</additionalMetadata>
</eml:eml>
