<eml:eml xmlns:eml="eml://ecoinformatics.org/eml-2.1.1"
	xmlns:md="eml://ecoinformatics.org/methods-2.1.1" 
	xmlns:proj="eml://ecoinformatics.org/project-2.1.1"
	xmlns:d="eml://ecoinformatics.org/dataset-2.1.1" 
	xmlns:res="eml://ecoinformatics.org/resource-2.1.1"
	xmlns:dc="http://purl.org/dc/terms/" 
	xmlns:xsi="http://www.w3.org/2001/XMLSchema-instance"
	xsi:schemaLocation="eml://ecoinformatics.org/eml-2.1.1 http://rs.gbif.org/schema/eml-gbif-profile/dev/eml.xsd"
	packageId="56:2017-09-13"
	system="catalogueoflife.org" 
	scope="system" 
	xml:lang="eng">
	<dataset>
		<alternateIdentifier system="catalogueoflife.org">56</alternateIdentifier>

		<title xml:lang="eng">LHD: Lacistemataceae Holistic Database in the Catalogue of Life</title>
		
		<creator>
			<organizationName>Species 2000 &amp; ITIS Catalogue of Life</organizationName>
			<address>
				<city>Leiden</city>
				<postalCode>2332 AA</postalCode>
				<country>NL</country>
			</address>
			<onlineUrl>http://www.catalogueoflife.org</onlineUrl>
		</creator>

		<metadataProvider>
			<organizationName>Species 2000 Secretariat</organizationName>
			<address>
				<city>Leiden</city>
				<postalCode>2332 AA</postalCode>
				<country>NL</country>
			</address>
			<onlineUrl>http://www.sp2000.org/</onlineUrl>
		</metadataProvider>

		<associatedParty>
			<individualName>
				<givenName></givenName>
				<surName>Young F.E.</surName>					
			</individualName>
			<role>editor</role>
		</associatedParty>
		
		<pubDate>2017-08-25</pubDate>

		<language>eng</language>
	
		<abstract>
			<para>Lacistemataceae is a small family of trees and shrubs located mainly in wet lowland, montane, dry and moist forests in the West Indies, Mexico, Mesoamerica, South America excluding Chile. The objective of the Lacistemataceae Holistic Database is to continue the 40 years dedicated research of Dr. Herman Sleumer (d. 1993). LHD will update knowledge encompassing systematic and environmental sciences. In this year CoL also has taken 12 small plant families from Neotropical Plant Families Database (NPFD) by F.E. Young.</para>
		</abstract>
		
		<distribution scope="document">
			<online>
				<url function="information">http://www.lacistemataceae.org</url>
			</online>
		</distribution>
		
		<contact>
			<organizationName>Species 2000 Secretariat c/o Naturalis</organizationName>
			<address>
				<deliveryPoint>P.O. Box 9517</deliveryPoint>
				<city>Leiden</city>
				<postalCode>2332 AA</postalCode>
				<country>NL</country>
			</address>
			<phone>+31 71 7519362</phone>
			<electronicMailAddress>support@sp2000.org</electronicMailAddress>
		</contact>		
	</dataset>
	
	<additionalMetadata>
		<metadata>
			<gbif>
				<dateStamp>2017-09-13T17:01:10+02:00</dateStamp>
				<citation identifier="http://www.catalogueoflife.org/col/info/cite" >Species 2000 &amp; ITIS Catalogue of Life: 25th August 2017, LHD</citation>
				<resourceLogoUrl>http://www.catalogueoflife.org/col/images/databases/LHD.png</resourceLogoUrl>
			</gbif>
			
			<sourceDatabase>
				<abbreviatedName>LHD</abbreviatedName>
				<authorsAndEditors>Young F.E.</authorsAndEditors>
				<version>Oct 2009</version>
			</sourceDatabase>
		</metadata>
	</additionalMetadata>
</eml:eml>
