<eml:eml xmlns:eml="eml://ecoinformatics.org/eml-2.1.1"
	xmlns:md="eml://ecoinformatics.org/methods-2.1.1" 
	xmlns:proj="eml://ecoinformatics.org/project-2.1.1"
	xmlns:d="eml://ecoinformatics.org/dataset-2.1.1" 
	xmlns:res="eml://ecoinformatics.org/resource-2.1.1"
	xmlns:dc="http://purl.org/dc/terms/" 
	xmlns:xsi="http://www.w3.org/2001/XMLSchema-instance"
	xsi:schemaLocation="eml://ecoinformatics.org/eml-2.1.1 http://rs.gbif.org/schema/eml-gbif-profile/dev/eml.xsd"
	packageId="189:2018-02-07"
	system="catalogueoflife.org" 
	scope="system" 
	xml:lang="eng">
	<dataset>
		<alternateIdentifier system="catalogueoflife.org">189</alternateIdentifier>

		<title xml:lang="eng">3i Auchenorrhyncha: World Auchenorrhyncha Database in the Catalogue of Life</title>
		
		<creator>
			<organizationName>Species 2000 &amp; ITIS Catalogue of Life</organizationName>
			<address>
				<city>Leiden</city>
				<postalCode>2332 AA</postalCode>
				<country>NL</country>
			</address>
			<onlineUrl>http://www.catalogueoflife.org</onlineUrl>
		</creator>

		<metadataProvider>
			<organizationName>Species 2000 Secretariat</organizationName>
			<address>
				<city>Leiden</city>
				<postalCode>2332 AA</postalCode>
				<country>NL</country>
			</address>
			<onlineUrl>http://www.sp2000.org/</onlineUrl>
		</metadataProvider>

		<associatedParty>
			<individualName>
				<givenName></givenName>
				<surName>Dmitriev D., Sanborn A. &amp; Takiya D.</surName>					
			</individualName>
			<role>editor</role>
		</associatedParty>
		
		<pubDate>1970-01-01</pubDate>

		<language>eng</language>
	
		<abstract>
			<para>This database has replaced 3i Cicadoidea, 3i Cicadellinae &amp;amp; 3i Typhlocybinae. It also contributes some extinct hemipteran groups in various superfamilies. The list of species was generated from the 3i database. The 3i Interactive Keys and Taxonomic Databases software was developed with the support from NSF Revisionary Systematics grants. It contains descriptive, distributional, host plant data, and literature references.</para>
		</abstract>
		
		<distribution scope="document">
			<online>
				<url function="information">http://dmitriev.speciesfile.org/3i.asp</url>
			</online>
		</distribution>
		
		<contact>
			<organizationName>Species 2000 Secretariat c/o Naturalis</organizationName>
			<address>
				<deliveryPoint>P.O. Box 9517</deliveryPoint>
				<city>Leiden</city>
				<postalCode>2332 AA</postalCode>
				<country>NL</country>
			</address>
			<phone>+31 71 7519362</phone>
			<electronicMailAddress>support@sp2000.org</electronicMailAddress>
		</contact>		
	</dataset>
	
	<additionalMetadata>
		<metadata>
			<gbif>
				<dateStamp>2018-02-07T16:16:17+01:00</dateStamp>
				<citation identifier="http://www.catalogueoflife.org/col/info/cite" >Species 2000 &amp; ITIS Catalogue of Life: XXth February 2018, 3i Auchenorrhyncha</citation>
				<resourceLogoUrl>http://www.catalogueoflife.org/col/images/databases/3i_Auchenorrhyncha.png</resourceLogoUrl>
			</gbif>
			
			<sourceDatabase>
				<abbreviatedName>3i Auchenorrhyncha</abbreviatedName>
				<authorsAndEditors>Dmitriev D., Sanborn A. &amp; Takiya D.</authorsAndEditors>
				<version>Nov 2017</version>
			</sourceDatabase>
		</metadata>
	</additionalMetadata>
</eml:eml>
