<eml:eml xmlns:eml="eml://ecoinformatics.org/eml-2.1.1"
	xmlns:md="eml://ecoinformatics.org/methods-2.1.1" 
	xmlns:proj="eml://ecoinformatics.org/project-2.1.1"
	xmlns:d="eml://ecoinformatics.org/dataset-2.1.1" 
	xmlns:res="eml://ecoinformatics.org/resource-2.1.1"
	xmlns:dc="http://purl.org/dc/terms/" 
	xmlns:xsi="http://www.w3.org/2001/XMLSchema-instance"
	xsi:schemaLocation="eml://ecoinformatics.org/eml-2.1.1 http://rs.gbif.org/schema/eml-gbif-profile/dev/eml.xsd"
	packageId="41:2017-09-14"
	system="catalogueoflife.org" 
	scope="system" 
	xml:lang="eng">
	<dataset>
		<alternateIdentifier system="catalogueoflife.org">41</alternateIdentifier>

		<title xml:lang="eng">SysMyr: Systematic Myriapod Database in the Catalogue of Life</title>
		
		<creator>
			<organizationName>Species 2000 &amp; ITIS Catalogue of Life</organizationName>
			<address>
				<city>Leiden</city>
				<postalCode>2332 AA</postalCode>
				<country>NL</country>
			</address>
			<onlineUrl>http://www.catalogueoflife.org</onlineUrl>
		</creator>

		<metadataProvider>
			<organizationName>Species 2000 Secretariat</organizationName>
			<address>
				<city>Leiden</city>
				<postalCode>2332 AA</postalCode>
				<country>NL</country>
			</address>
			<onlineUrl>http://www.sp2000.org/</onlineUrl>
		</metadataProvider>

		<associatedParty>
			<individualName>
				<givenName></givenName>
				<surName>Spelda J.</surName>					
			</individualName>
			<role>editor</role>
		</associatedParty>
		
		<pubDate>2017-08-25</pubDate>

		<language>eng</language>
	
		<abstract>
			<para>SysMyr was developed by Jörg Spelda, in collaboration with the Bavarian State Collection for Zoology as a taxonomic backbone for the GBIF-D node &amp;#039;Evertebrata II&amp;#039; and later updated in cooperation with Petra Sierwald&amp;#039;s  Millibase project. SysMyr provides diverse information on over 30,000 names of Chilopoda, Diplopoda, Pauropoda and Symphyla. The acceptance status is automatically evaluated and depends on the latest citation found in the included literature. Since the  release of August 2012 all diplopod orders  have been updated to &amp;gt; 90% completeness (only the Polydesmida perhaps less) with the synonymies critically checked. The present release (April 2013) adds newly described species and updates some synonymies and distributions mainly for species from the Balkans.</para>
		</abstract>
		
		<distribution scope="document">
			<online>
				<url function="information">http://www.gbifev2.mwn.de/GloMyrIS/searchh_myr.htm</url>
			</online>
		</distribution>
		
		<contact>
			<organizationName>Species 2000 Secretariat c/o Naturalis</organizationName>
			<address>
				<deliveryPoint>P.O. Box 9517</deliveryPoint>
				<city>Leiden</city>
				<postalCode>2332 AA</postalCode>
				<country>NL</country>
			</address>
			<phone>+31 71 7519362</phone>
			<electronicMailAddress>support@sp2000.org</electronicMailAddress>
		</contact>		
	</dataset>
	
	<additionalMetadata>
		<metadata>
			<gbif>
				<dateStamp>2017-09-14T09:25:04+02:00</dateStamp>
				<citation identifier="http://www.catalogueoflife.org/col/info/cite" >Species 2000 &amp; ITIS Catalogue of Life: 25th August 2017, SysMyr</citation>
				<resourceLogoUrl>http://www.catalogueoflife.org/col/images/databases/SysMyr.png</resourceLogoUrl>
			</gbif>
			
			<sourceDatabase>
				<abbreviatedName>SysMyr</abbreviatedName>
				<authorsAndEditors>Spelda J.</authorsAndEditors>
				<version>Apr 2013</version>
			</sourceDatabase>
		</metadata>
	</additionalMetadata>
</eml:eml>
