<eml:eml xmlns:eml="eml://ecoinformatics.org/eml-2.1.1"
	xmlns:md="eml://ecoinformatics.org/methods-2.1.1" 
	xmlns:proj="eml://ecoinformatics.org/project-2.1.1"
	xmlns:d="eml://ecoinformatics.org/dataset-2.1.1" 
	xmlns:res="eml://ecoinformatics.org/resource-2.1.1"
	xmlns:dc="http://purl.org/dc/terms/" 
	xmlns:xsi="http://www.w3.org/2001/XMLSchema-instance"
	xsi:schemaLocation="eml://ecoinformatics.org/eml-2.1.1 http://rs.gbif.org/schema/eml-gbif-profile/dev/eml.xsd"
	packageId="67:2017-09-13"
	system="catalogueoflife.org" 
	scope="system" 
	xml:lang="eng">
	<dataset>
		<alternateIdentifier system="catalogueoflife.org">67</alternateIdentifier>

		<title xml:lang="eng">ITIS Bees: World Bee Checklist in the Catalogue of Life</title>
		
		<creator>
			<organizationName>Species 2000 &amp; ITIS Catalogue of Life</organizationName>
			<address>
				<city>Leiden</city>
				<postalCode>2332 AA</postalCode>
				<country>NL</country>
			</address>
			<onlineUrl>http://www.catalogueoflife.org</onlineUrl>
		</creator>

		<metadataProvider>
			<organizationName>Species 2000 Secretariat</organizationName>
			<address>
				<city>Leiden</city>
				<postalCode>2332 AA</postalCode>
				<country>NL</country>
			</address>
			<onlineUrl>http://www.sp2000.org/</onlineUrl>
		</metadataProvider>

		<associatedParty>
			<individualName>
				<givenName></givenName>
				<surName>Ruggiero M. (project leader), Ascher J. et al.</surName>					
			</individualName>
			<role>editor</role>
		</associatedParty>
		
		<pubDate>2017-08-25</pubDate>

		<language>eng</language>
	
		<abstract>
			<para>Together with specialists around the world, ITIS has completed a checklist of the bee species of the world. The checklist (with some synonyms and subspecies) is integrated into the ITIS database. Project led by M. Ruggiero (ITIS). Principal scientific contributors: J.S. Ascher (AMNH, USA), C. Eardley (PPRI, South Africa), T. Griswold (USDA, USA), G. Melo (Federal University of Parana, Brazil), A. Polaszek (NHM, UK), O. Tadauchi (University of Kyushu, Japan), K. Walker (Museum Victoria, Australia), N. Warrit (NMNH, USA), and P. Williams (NHM, UK). Principal technical contributors: D. Nicolson (USGS, USA); J. Pickering (Discover Life and University of Georgia, USA) and D. Remsen (GBIF, Denmark).</para>
		</abstract>
		
		<distribution scope="document">
			<online>
				<url function="information">http://www.itis.gov/beechecklist.html</url>
			</online>
		</distribution>
		
		<contact>
			<organizationName>Species 2000 Secretariat c/o Naturalis</organizationName>
			<address>
				<deliveryPoint>P.O. Box 9517</deliveryPoint>
				<city>Leiden</city>
				<postalCode>2332 AA</postalCode>
				<country>NL</country>
			</address>
			<phone>+31 71 7519362</phone>
			<electronicMailAddress>support@sp2000.org</electronicMailAddress>
		</contact>		
	</dataset>
	
	<additionalMetadata>
		<metadata>
			<gbif>
				<dateStamp>2017-09-13T16:10:34+02:00</dateStamp>
				<citation identifier="http://www.catalogueoflife.org/col/info/cite" >Species 2000 &amp; ITIS Catalogue of Life: 25th August 2017, ITIS Bees</citation>
				<resourceLogoUrl>http://www.catalogueoflife.org/col/images/databases/ITIS_Bees.png</resourceLogoUrl>
			</gbif>
			
			<sourceDatabase>
				<abbreviatedName>ITIS Bees</abbreviatedName>
				<authorsAndEditors>Ruggiero M. (project leader), Ascher J. et al.</authorsAndEditors>
				<version>Sep 2009</version>
			</sourceDatabase>
		</metadata>
	</additionalMetadata>
</eml:eml>
