<eml:eml xmlns:eml="eml://ecoinformatics.org/eml-2.1.1"
	xmlns:md="eml://ecoinformatics.org/methods-2.1.1" 
	xmlns:proj="eml://ecoinformatics.org/project-2.1.1"
	xmlns:d="eml://ecoinformatics.org/dataset-2.1.1" 
	xmlns:res="eml://ecoinformatics.org/resource-2.1.1"
	xmlns:dc="http://purl.org/dc/terms/" 
	xmlns:xsi="http://www.w3.org/2001/XMLSchema-instance"
	xsi:schemaLocation="eml://ecoinformatics.org/eml-2.1.1 http://rs.gbif.org/schema/eml-gbif-profile/dev/eml.xsd"
	packageId="18:2017-09-13"
	system="catalogueoflife.org" 
	scope="system" 
	xml:lang="eng">
	<dataset>
		<alternateIdentifier system="catalogueoflife.org">18</alternateIdentifier>

		<title xml:lang="eng">LepIndex: The Global Lepidoptera Names Index in the Catalogue of Life</title>
		
		<creator>
			<organizationName>Species 2000 &amp; ITIS Catalogue of Life</organizationName>
			<address>
				<city>Leiden</city>
				<postalCode>2332 AA</postalCode>
				<country>NL</country>
			</address>
			<onlineUrl>http://www.catalogueoflife.org</onlineUrl>
		</creator>

		<metadataProvider>
			<organizationName>Species 2000 Secretariat</organizationName>
			<address>
				<city>Leiden</city>
				<postalCode>2332 AA</postalCode>
				<country>NL</country>
			</address>
			<onlineUrl>http://www.sp2000.org/</onlineUrl>
		</metadataProvider>

		<associatedParty>
			<individualName>
				<givenName></givenName>
				<surName>Beccaloni G., Scoble M., Kitching I., Simonsen T., Robinson G., Pitkin B., Hine A. &amp; Lyal C.</surName>					
			</individualName>
			<role>editor</role>
		</associatedParty>
		
		<pubDate>2017-08-25</pubDate>

		<language>eng</language>
	
		<abstract>
			<para>LepIndex is a digitised and updated version of the unique index card archive to the scientific names of the living and fossil butterflies and moths of the world at the Natural History Museum (London). This card index was produced by the museum’s lepidopterists over many decades and contains about 95 % of all currently valid Lepidoptera names (15,578 genus and 157,474  species names in total), together with synonyms, misspellings and misidentifications.</para>
		</abstract>
		
		<distribution scope="document">
			<online>
				<url function="information">#http://www.nhm.ac.uk/research-curation/research/projects/lepindex/#</url>
			</online>
		</distribution>
		
		<contact>
			<organizationName>Species 2000 Secretariat c/o Naturalis</organizationName>
			<address>
				<deliveryPoint>P.O. Box 9517</deliveryPoint>
				<city>Leiden</city>
				<postalCode>2332 AA</postalCode>
				<country>NL</country>
			</address>
			<phone>+31 71 7519362</phone>
			<electronicMailAddress>support@sp2000.org</electronicMailAddress>
		</contact>		
	</dataset>
	
	<additionalMetadata>
		<metadata>
			<gbif>
				<dateStamp>2017-09-13T16:41:52+02:00</dateStamp>
				<citation identifier="http://www.catalogueoflife.org/col/info/cite" >Species 2000 &amp; ITIS Catalogue of Life: 25th August 2017, LepIndex</citation>
				<resourceLogoUrl>http://www.catalogueoflife.org/col/images/databases/LepIndex.png</resourceLogoUrl>
			</gbif>
			
			<sourceDatabase>
				<abbreviatedName>LepIndex</abbreviatedName>
				<authorsAndEditors>Beccaloni G., Scoble M., Kitching I., Simonsen T., Robinson G., Pitkin B., Hine A. &amp; Lyal C.</authorsAndEditors>
				<version>12.3, Jan 2012</version>
			</sourceDatabase>
		</metadata>
	</additionalMetadata>
</eml:eml>
