<eml:eml xmlns:eml="eml://ecoinformatics.org/eml-2.1.1"
	xmlns:md="eml://ecoinformatics.org/methods-2.1.1" 
	xmlns:proj="eml://ecoinformatics.org/project-2.1.1"
	xmlns:d="eml://ecoinformatics.org/dataset-2.1.1" 
	xmlns:res="eml://ecoinformatics.org/resource-2.1.1"
	xmlns:dc="http://purl.org/dc/terms/" 
	xmlns:xsi="http://www.w3.org/2001/XMLSchema-instance"
	xsi:schemaLocation="eml://ecoinformatics.org/eml-2.1.1 http://rs.gbif.org/schema/eml-gbif-profile/dev/eml.xsd"
	packageId="95:2017-09-14"
	system="catalogueoflife.org" 
	scope="system" 
	xml:lang="eng">
	<dataset>
		<alternateIdentifier system="catalogueoflife.org">95</alternateIdentifier>

		<title xml:lang="eng">WoRMS Asteroidea: World Asteroidea database in the Catalogue of Life</title>
		
		<creator>
			<organizationName>Species 2000 &amp; ITIS Catalogue of Life</organizationName>
			<address>
				<city>Leiden</city>
				<postalCode>2332 AA</postalCode>
				<country>NL</country>
			</address>
			<onlineUrl>http://www.catalogueoflife.org</onlineUrl>
		</creator>

		<metadataProvider>
			<organizationName>Species 2000 Secretariat</organizationName>
			<address>
				<city>Leiden</city>
				<postalCode>2332 AA</postalCode>
				<country>NL</country>
			</address>
			<onlineUrl>http://www.sp2000.org/</onlineUrl>
		</metadataProvider>

		<associatedParty>
			<individualName>
				<givenName></givenName>
				<surName>Mah C.L. .</surName>					
			</individualName>
			<role>editor</role>
		</associatedParty>
		
		<pubDate>2017-08-25</pubDate>

		<language>eng</language>
	
		<abstract>
			<para>The core of the World Asteroidea Database (WAD) is derived from the &amp;quot;Asteroid Names List&amp;quot; developed primarily by Ailsa M. Clark. However the WAD is complimented by numerous other echinoderm compendia (e.g., Clark &amp;amp; Downey&amp;#039;s Starfishes of the Atlantic, Rowe &amp;amp; Gate&amp;#039;s Zoological Catalogue of Australia, etc) and will eventually include all subsequent taxonomic changes and newly described taxa. Data have been contributed to the Catalogue of Life via the WoRMS, hosted by the Flanders Marine Institute (VLIZ).</para>
		</abstract>
		
		<distribution scope="document">
			<online>
				<url function="information">http://www.marinespecies.org/asteroidea</url>
			</online>
		</distribution>
		
		<contact>
			<organizationName>Species 2000 Secretariat c/o Naturalis</organizationName>
			<address>
				<deliveryPoint>P.O. Box 9517</deliveryPoint>
				<city>Leiden</city>
				<postalCode>2332 AA</postalCode>
				<country>NL</country>
			</address>
			<phone>+31 71 7519362</phone>
			<electronicMailAddress>support@sp2000.org</electronicMailAddress>
		</contact>		
	</dataset>
	
	<additionalMetadata>
		<metadata>
			<gbif>
				<dateStamp>2017-09-14T11:18:38+02:00</dateStamp>
				<citation identifier="http://www.catalogueoflife.org/col/info/cite" >Species 2000 &amp; ITIS Catalogue of Life: 25th August 2017, WoRMS Asteroidea</citation>
				<resourceLogoUrl>http://www.catalogueoflife.org/col/images/databases/WoRMS_Asteroidea.png</resourceLogoUrl>
			</gbif>
			
			<sourceDatabase>
				<abbreviatedName>WoRMS Asteroidea</abbreviatedName>
				<authorsAndEditors>Mah C.L. .</authorsAndEditors>
				<version>2017-08-01</version>
			</sourceDatabase>
		</metadata>
	</additionalMetadata>
</eml:eml>
