<eml:eml xmlns:eml="eml://ecoinformatics.org/eml-2.1.1"
	xmlns:md="eml://ecoinformatics.org/methods-2.1.1" 
	xmlns:proj="eml://ecoinformatics.org/project-2.1.1"
	xmlns:d="eml://ecoinformatics.org/dataset-2.1.1" 
	xmlns:res="eml://ecoinformatics.org/resource-2.1.1"
	xmlns:dc="http://purl.org/dc/terms/" 
	xmlns:xsi="http://www.w3.org/2001/XMLSchema-instance"
	xsi:schemaLocation="eml://ecoinformatics.org/eml-2.1.1 http://rs.gbif.org/schema/eml-gbif-profile/dev/eml.xsd"
	packageId="37:2017-09-14"
	system="catalogueoflife.org" 
	scope="system" 
	xml:lang="eng">
	<dataset>
		<alternateIdentifier system="catalogueoflife.org">37</alternateIdentifier>

		<title xml:lang="eng">ZOBODAT: Zoological-Botanical Database (Vespoidea) in the Catalogue of Life</title>
		
		<creator>
			<organizationName>Species 2000 &amp; ITIS Catalogue of Life</organizationName>
			<address>
				<city>Leiden</city>
				<postalCode>2332 AA</postalCode>
				<country>NL</country>
			</address>
			<onlineUrl>http://www.catalogueoflife.org</onlineUrl>
		</creator>

		<metadataProvider>
			<organizationName>Species 2000 Secretariat</organizationName>
			<address>
				<city>Leiden</city>
				<postalCode>2332 AA</postalCode>
				<country>NL</country>
			</address>
			<onlineUrl>http://www.sp2000.org/</onlineUrl>
		</metadataProvider>

		<associatedParty>
			<individualName>
				<givenName></givenName>
				<surName>Gusenleitner J.</surName>					
			</individualName>
			<role>editor</role>
		</associatedParty>
		
		<pubDate>2017-08-25</pubDate>

		<language>eng</language>
	
		<abstract>
			<para>ZOBODAT is a digitally organised biogeographical database including facilities for analysis, documentation and communication. Founded in 1972 by Univ.- Prof. Dr. Ernst Rudolf Reichl, ZOBODAT was taken over by the federal county of Upper Austria in 1999. It is located at the Biology Centre of the Museum of Upper Austria. The original database includes information about the temporal and spatial distribution of animal and plant species and various supporting information topics. Most of the data traditionally refer to insects of Austria, but ZOBODAT can be used for all groups of organisms and world-wide. ZOBODAT contributes world vespid wasps to the Catalogue of Life.</para>
		</abstract>
		
		<distribution scope="document">
			<online>
				<url function="information">http://www.zobodat.at</url>
			</online>
		</distribution>
		
		<contact>
			<organizationName>Species 2000 Secretariat c/o Naturalis</organizationName>
			<address>
				<deliveryPoint>P.O. Box 9517</deliveryPoint>
				<city>Leiden</city>
				<postalCode>2332 AA</postalCode>
				<country>NL</country>
			</address>
			<phone>+31 71 7519362</phone>
			<electronicMailAddress>support@sp2000.org</electronicMailAddress>
		</contact>		
	</dataset>
	
	<additionalMetadata>
		<metadata>
			<gbif>
				<dateStamp>2017-09-14T14:30:57+02:00</dateStamp>
				<citation identifier="http://www.catalogueoflife.org/col/info/cite" >Species 2000 &amp; ITIS Catalogue of Life: 25th August 2017, ZOBODAT Vespoidea</citation>
				<resourceLogoUrl>http://www.catalogueoflife.org/col/images/databases/ZOBODAT_Vespoidea.png</resourceLogoUrl>
			</gbif>
			
			<sourceDatabase>
				<abbreviatedName>ZOBODAT Vespoidea</abbreviatedName>
				<authorsAndEditors>Gusenleitner J.</authorsAndEditors>
				<version>4.0, Oct 2011</version>
			</sourceDatabase>
		</metadata>
	</additionalMetadata>
</eml:eml>
