datasetKey,sectorKey,alias,action,category,explanation,examples,publisher,size,title,url
298649,49115,Bukejs2011,block,digitisation error,"misspelt Cercion (for Cercyon) placed in Hydrophilidae, homonym of the damselfly genus","Cercion [Animalia/Insecta/Coleoptera/Hydrophilidae] vs Navás, 1907 [Animalia/Insecta/Odonata/Coenagrionidae]",Plazi.org taxonomic treatments database,400,"Materials About The Fauna Of Beetles (Insecta: Coleoptera) Of Naujene Rural Municipality (Daugavpils District, Latvia). Part 3",https://www.checklistbank.org/dataset/298649
32374,52041,FernandezTriana2017,block,digitisation error,"truncated genus ""Micro"" (Microplitis sofron) created under Braconidae","Micro [Animalia/Insecta/Hymenoptera/Braconidae] vs González-Sponga, 1987 [Animalia/Arachnida/Opiliones/Zalmoxidae]",Plazi.org taxonomic treatments database,37,"An annotated and illustrated checklist of Microgastrinae wasps (Hymenoptera, Braconidae) from the Canadian Arctic Archipelago and Greenland",https://www.checklistbank.org/dataset/32374
51063,36978,Hodgson2005,block,digitisation error,superfamily Coccoidea digitised as a genus,Coccoidea [Animalia/Insecta/Hemiptera] vs ? [Fungi/Dothideomycetes/Capnodiales/Coccoideaceae],Plazi.org taxonomic treatments database,22,The adult males of Coccoidea (Hemiptera: Sternorrhyncha) known from Greenland,https://www.checklistbank.org/dataset/51063
23368,12052,Zidek2018,block,digitisation error,"Scarabaeus (Scarabaeolus) species digitised under a genus ""Scutellum""","Scutellum [Animalia/Insecta/Coleoptera/Scarabaeidae] vs Pusch, 1833 [Animalia/Trilobita/Corynexochida/Styginidae]",Plazi.org taxonomic treatments database,85,"New species of the Scarabaeus subgenus Scarabaeolus Balthasar, with a review of the subgenus (Scarabaeidae: Scarabaeinae: Scarabaeini)",https://www.checklistbank.org/dataset/23368
31522,57437,Alvani2016,block,host plant association,host plant Pistacia placed under Pratylenchidae (Nematoda),Pistacia [Animalia/Chromadorea/Rhabditida/Pratylenchidae] vs L. [Plantae/Magnoliopsida/Sapindales/Anacardiaceae],Plazi.org taxonomic treatments database,44,"A checklist of the family Pratylenchidae Thorne, 1949 from Iran",https://www.checklistbank.org/dataset/31522
310153,61653,AWad2024,block,host plant association,plant Ocimum placed under Lepidoptera,Ocimum [Animalia/Insecta/Lepidoptera] vs L. [Plantae/Magnoliopsida/Lamiales/Lamiaceae],Plazi.org taxonomic treatments database,3,"Towards Sustainable Pest Management: Toxicity, Biochemical Effects, and Molecular Docking Analysis of Ocimum basilicum (Lamiaceae) Essential Oil on Agrotis ipsilon and Spodoptera littoralis (Lepidoptera: Noctuidae)",https://www.checklistbank.org/dataset/310153
47571,33601,Barjadze2011,block,host plant association,host plant Cephalaria placed under Aphididae,Cephalaria [Animalia/Insecta/Hemiptera/Aphididae] vs Schrad. [Plantae/Magnoliopsida/Dipsacales/Caprifoliaceae],Plazi.org taxonomic treatments database,6,A new species of Aphis Linnaeus (Hemiptera: Aphididae) from Cephalaria gigantea (Dipsacaceae) in Georgia,https://www.checklistbank.org/dataset/47571
20727,57353,Boano2022,block,host plant association,plant Adansonia placed under Anatidae,"Adansonia [Animalia/Aves/Anseriformes/Anatidae] vs Saville-Kent, 1897 [Animalia/Arachnida/Araneae/Theridiidae]",Zoosystema,1215,An annotated checklist of the birds of Burkina Faso,https://www.checklistbank.org/dataset/20727
44991,31096,Cavalleri2012,block,host plant association,host plant Hancornia placed under Thripidae,Hancornia [Animalia/Insecta/Thysanoptera/Thripidae] vs Gomes [Plantae/Magnoliopsida/Gentianales/Apocynaceae],Plazi.org taxonomic treatments database,30,"Toward the identification of Frankliniella species in Brazil (Thysanoptera, Thripidae)",https://www.checklistbank.org/dataset/44991
9535,9115,Corrêa2020,block,host plant association,host plant Anadenanthera placed under Coleoptera,Anadenanthera [Animalia/Insecta/Coleoptera] vs Speg. [Plantae/Magnoliopsida/Fabales/Fabaceae],Plazi.org taxonomic treatments database,83,"Species survey of the subfamily Cerambycinae (Coleoptera: Cerambycidae) in the Rio Doce State Park, Minas Gerais, Brazil",https://www.checklistbank.org/dataset/9535
178561,43094,Duerr2022,block,host plant association,Poaceae host plants placed under Hesperiidae,Lasiacis [Animalia/Insecta/Lepidoptera/Hesperiidae] vs (Griseb.) Hitchc. [Plantae/Liliopsida/Poales/Poaceae]; Pariana [Animalia/Insecta/Lepidoptera/Hesperiidae] vs Aubl. [Plantae/Liliopsida/Poales/Poaceae],Plazi.org taxonomic treatments database,7,"Immature stages, new host plant records and shelter structures of Troyus phyllides (Röber, 1925) and Thoon ponka Evans, 1955 in the Peruvian Amazon (Lepidoptera Hesperiidae: Hesperiinae: Hesperiini)",https://www.checklistbank.org/dataset/178561
27163,51435,Ebinghaus2018,block,host plant association,rust fungus Ravenelia placed under host Fabaceae,"Ravenelia [Plantae/Magnoliopsida/Fabales/Fabaceae] vs Berk., 1853 [Fungi/Pucciniomycetes/Pucciniales/Raveneliaceae]",Plazi.org taxonomic treatments database,4,"Raveneliapiepenbringiae and Raveneliahernandezii, two new rust species on Senegalia (Fabaceae, Mimosoideae) from Panama and Costa Rica",https://www.checklistbank.org/dataset/27163
31448,57436,Golovatch2016,block,host plant association,Picea placed under Polydesmidae (millipedes),Picea [Animalia/Diplopoda/Polydesmidae] vs A.Dietr. [Plantae/Pinopsida/Pinales/Pinaceae],Plazi.org taxonomic treatments database,20,The millipede family Polydesmidae in the Caucasus (Diplopoda: Polydesmida),https://www.checklistbank.org/dataset/31448
21131,10243,HernándezOrtiz2015,block,host plant association,host plant Dieffenbachia placed under Richardiidae,Dieffenbachia [Animalia/Insecta/Diptera/Richardiidae] vs Schott [Plantae/Liliopsida/Alismatales/Araceae],Plazi.org taxonomic treatments database,6,A new species of the Neotropical genus Beebeomyia (Diptera: Richardiidae) with observations of its biology on Dieffenbachia oerstedii (Araceae),https://www.checklistbank.org/dataset/21131
264444,44494,Isaka2021,block,host plant association,fungus Fulvifomes placed under host plant Meliaceae,Fulvifomes [Plantae/Magnoliopsida/Sapindales/Meliaceae] vs Murrill [Fungi/Agaricomycetes/Hymenochaetales/Hymenochaetaceae],Plazi.org taxonomic treatments database,3,Limonoids from fruiting bodies of the wood-rot basidiomycete Fulvifomes xylocarpicola associated with the mangrove tree Xylocarpus granatum,https://www.checklistbank.org/dataset/264444
285321,46244,Ivanov2016,block,host plant association,oomycete Pythium placed under host Araliaceae,"Pythium [Plantae/Magnoliopsida/Apiales/Araliaceae] vs N.Pringsheim, 1858 [Chromista/Peronosporea/Peronosporales/Pythiaceae]",Plazi.org taxonomic treatments database,3,The chemoattractant potential of ginsenosides in the ginseng - Pythium irregulare pathosystem,https://www.checklistbank.org/dataset/285321
22653,11497,Jameson2010,block,host plant association,scarab Peltonotus placed under host plant Araceae,"Peltonotus Burmeister, 1847 [Plantae/Liliopsida/Alismatales/Araceae] vs Burmeister, 1847 [Animalia/Insecta/Coleoptera/Scarabaeidae]",ZooKeys,7,"Synopsis of the aroid scarabs in the genus Peltonotus Burmeister (Scarabaeidae, Dynastinae, Cyclocephalini) from Sumatra and description of a new species",https://www.checklistbank.org/dataset/22653
27388,15383,Kirichenko2019,block,host plant association,moth Phyllonorycter placed under host plant Fabaceae,"Phyllonorycter [Plantae/Magnoliopsida/Fabales/Fabaceae] vs Hübner, 1822 [Animalia/Insecta/Lepidoptera/Gracillariidae]",Plazi.org taxonomic treatments database,4,New species of leaf-mining Phyllonorycter (LepidopteraGracillariidae) from Siberia feeding on Caragana (Fabaceae),https://www.checklistbank.org/dataset/27388
49847,35806,Magnacca2008,block,host plant association,drosophilid Scaptomyza placed under host plant Lamiaceae,"Scaptomyza [Plantae/Magnoliopsida/Lamiales/Lamiaceae] vs Hardy, 1850 [Animalia/Insecta/Diptera/Drosophilidae]",Plazi.org taxonomic treatments database,8,A review of the endemic Hawaiian Drosophilidae and their host plants,https://www.checklistbank.org/dataset/49847
23786,12414,Maia2018,block,host plant association,host plant Pterandra placed under Diptera,Pterandra [Animalia/Insecta/Diptera] vs A.Juss. [Plantae/Magnoliopsida/Malpighiales/Malpighiaceae],Plazi.org taxonomic treatments database,5,"Myrciamyia pterandrae (Diptera, Cecidomyiidae, Lopesiini), a new species of gall midge associated with Pterandra pyroidea A. Juss. (Malpighiaceae), an endemic plant in Brazilian Cerrado",https://www.checklistbank.org/dataset/23786
264238,44477,Nishidono2021,block,host plant association,Apiaceae host plant placed under Papilionidae,Saposhnikovia [Animalia/Insecta/Lepidoptera/Papilionidae] vs Schischk. [Plantae/Magnoliopsida/Apiales/Apiaceae],Plazi.org taxonomic treatments database,6,α-Linolenic acid in Papilio machaon larvae regurgitant induces a defensive response in Apiaceae,https://www.checklistbank.org/dataset/264238
47841,33867,Pellizzari2010,block,host plant association,host plant Leptospermum placed under Hemiptera,Leptospermum [Animalia/Insecta/Hemiptera] vs J.R.Forst. & G.Forst. [Plantae/Magnoliopsida/Myrtales/Myrtaceae],Plazi.org taxonomic treatments database,5,"A new species of Acanthococcus (Hemiptera, Coccoidea, Eriococcidae) on Leptospermum scoparium (Myrtaceae) from Italy and France",https://www.checklistbank.org/dataset/47841
33138,20193,Praz2017,block,host plant association,host plant Epilobium placed under Megachilidae,Epilobium [Animalia/Insecta/Hymenoptera/Megachilidae] vs L. [Plantae/Magnoliopsida/Myrtales/Onagraceae],Plazi.org taxonomic treatments database,17,"Subgeneric classification and biology of the leafcutter and dauber bees (genus Megachile Latreille) of the western Palearctic (Hymenoptera, Apoidea, Megachilidae)",https://www.checklistbank.org/dataset/33138
311702,62974,Roell2023,block,host plant association,plant Blachia placed under Pentatomidae,Blachia [Animalia/Insecta/Hemiptera/Pentatomidae] vs Baill. [Plantae/Magnoliopsida/Malpighiales/Euphorbiaceae],Plazi.org taxonomic treatments database,319,"An annotated and illustrated Type Catalogue of the predacious Shieldbugs (Hemiptera: Heteroptera: Pentatomidae: Asopinae) in the Collection of the Natural History Museum, London",https://www.checklistbank.org/dataset/311702
298213,48882,SanchezFlores2020,block,host plant association,host plant Karwinskia placed under Aleyrodidae,Karwinskia [Animalia/Insecta/Hemiptera/Aleyrodidae] vs Zucc. [Plantae/Magnoliopsida/Rosales/Rhamnaceae],Plazi.org taxonomic treatments database,6,"Description of Aleuropleurocelus sampsoni sp. nov. (Hemiptera: Aleyrodidae) from Tamaulipas, Mexico",https://www.checklistbank.org/dataset/298213
23847,12468,Schnepp2019,block,host plant association,beetle Hesperobaenus placed under host palm Arecaceae,"Hesperobaenus [Plantae/Liliopsida/Arecales/Arecaceae] vs LeConte, 1861 [Animalia/Insecta/Coleoptera/Monotomidae]",Plazi.org taxonomic treatments database,3,The beetle fauna associated with the peduncle of Sabal mexicana (Arecaceae) in southern Texas,https://www.checklistbank.org/dataset/23847
313385,64834,Shalva2025,block,host plant association,host plant genera placed under Aphididae,Cedrus [Animalia/Insecta/Hemiptera/Aphididae] vs Trew [Plantae/Pinopsida/Pinales/Pinaceae]; Celtis [Animalia/Insecta/Hemiptera/Aphididae] vs L. [Plantae/Magnoliopsida/Rosales/Cannabaceae],Plazi.org taxonomic treatments database,626,Checklist of Georgian aphids (Hemiptera: Aphidomorpha),https://www.checklistbank.org/dataset/313385
309313,60263,Sherer2025,block,host plant association,bamboo host Guadua placed under Hesperiidae,Guadua [Animalia/Insecta/Lepidoptera/Hesperiidae] vs Kunth [Plantae/Liliopsida/Poales/Poaceae],Plazi.org taxonomic treatments database,11,"Immature stages and host plant records for the skipper butterflies Xeniades orchamus (Cramer, 1777), Dubia dubia (Bell, 1932), and Tricrista canta (Evans, 1955) in the Peruvian Amazon (Lepidoptera: Hesperiidae: Hesperiinae: Hesperiini)",https://www.checklistbank.org/dataset/309313
7456,7352,Sousa2021,block,host plant association,weevil genus Pygidiapion placed under host plant Fabaceae,"Pygidiapion De Sousa & Mermudes, 2021 [Plantae/Magnoliopsida/Fabales/Fabaceae] vs De Sousa & Mermudes, 2021 [Animalia/Insecta/Coleoptera/Brentidae]",Plazi.org taxonomic treatments database,5,"Pygidiapion De Sousa & Mermudes, a new genus of Apioninae (Brentidae Apioninae: Apionini) associated with Fabaceae from Brazil, with the description of a new species and transfer of Apion zikani Heller, 1922",https://www.checklistbank.org/dataset/7456
285319,46242,Stipanovic2016,block,host plant association,moth Helicoverpa placed under Malvaceae (cotton),"Helicoverpa [Plantae/Magnoliopsida/Malvales/Malvaceae] vs Hardwick, 1965 [Animalia/Insecta/Lepidoptera/Noctuidae]",Plazi.org taxonomic treatments database,5,"Gossypolhemiquinone, a dimeric sesquiterpenoid identified in cotton (Gossypium)",https://www.checklistbank.org/dataset/285319
28054,15966,Tang2018,block,host plant association,erotylid beetle Ceratophila placed under host cycad family Zamiaceae,"Ceratophila Tang & Skelley & Pérez-Farrera, 2018 [Plantae/Cycadopsida/Cycadales/Zamiaceae] vs Tang, Skelley & Pérez-Farrera, 2018 [Animalia/Insecta/Coleoptera/Erotylidae]",Plazi.org taxonomic treatments database,14,"Ceratophila, a new genus of erotylid beetles (Erotylidae: Pharaxonothinae) inhabiting male cones of the cycad Ceratozamia (Cycadales: Zamiaceae)",https://www.checklistbank.org/dataset/28054
264229,44469,Toljamo2021,block,host plant association,oomycete Phytophthora placed under host Rosaceae,"Phytophthora [Plantae/Magnoliopsida/Rosales/Rosaceae] vs de Bary, 1876 [Chromista/Peronosporea/Peronosporales/Peronosporaceae]",Plazi.org taxonomic treatments database,3,Terpenoid and lipid profiles vary in different Phytophthora cactorum - strawberry interactions,https://www.checklistbank.org/dataset/264229
286842,46545,Ube2019,block,host plant association,fungus Bipolaris placed under host Poaceae,Bipolaris [Plantae/Liliopsida/Poales/Poaceae] vs Shoemaker [Fungi/Dothideomycetes/Pleosporales/Pleosporaceae],Plazi.org taxonomic treatments database,3,Identification of phenylamide phytoalexins and characterization of inducible phenylamide metabolism in wheat,https://www.checklistbank.org/dataset/286842
29531,57421,Volynkin2018,block,host plant association,host plant Lactuca placed under Erebidae,Lactuca [Animalia/Insecta/Lepidoptera/Erebidae] vs L. [Plantae/Magnoliopsida/Asterales/Asteraceae],Plazi.org taxonomic treatments database,11,"A brief review of the genus Lithosarctia, with the description of a new species from China (Lepidoptera, Erebidae, Arctiinae)",https://www.checklistbank.org/dataset/29531
2724,3275,Xiong2022,block,host plant association,fungus Neodeightonia placed under host plant Arecaceae,Neodeightonia [Plantae/Liliopsida/Arecales/Arecaceae] vs C.Booth [Fungi/Dothideomycetes/Botryosphaeriales/Botryosphaeriaceae],Plazi.org taxonomic treatments database,3,"Neodeightonia arengae sp. nov., Botryosphaeriaceous taxa on Arenga tremula (Arecaceae) from Guangdong, China",https://www.checklistbank.org/dataset/2724
140863,42550,Xu2022,block,host plant association,host plant Rubus placed under Aphididae,Rubus [Animalia/Insecta/Hemiptera/Aphididae] vs L. [Plantae/Magnoliopsida/Rosales/Rosaceae],Plazi.org taxonomic treatments database,5,A new species of Aphis (Aphidinae: Aphidini) feeding on Rubus from China,https://www.checklistbank.org/dataset/140863
4837,57312,Zahiri2021,block,host plant association,host plant Sinapis placed under Pieridae,Sinapis [Animalia/Insecta/Lepidoptera/Pieridae] vs L. [Plantae/Magnoliopsida/Capparales/Brassicaceae],Plazi.org taxonomic treatments database,237,? An illustrated catalogue of the type specimens of Lepidoptera housed in the Zoological Museum Hamburg (ZMH): Part II. superfamily Papilionoidea,https://www.checklistbank.org/dataset/4837
24053,12643,Zhang2020,block,host plant association,fungus Curvularia placed under host Poaceae (backend#1608),"Curvularia [Plantae/Liliopsida/Poales/Poaceae] vs Boedijn, 1933 [Fungi/Dothideomycetes/Pleosporales/Pleosporaceae]",Plazi.org taxonomic treatments database,3,Diseases of Cymbopogon citratus (Poaceae) in China: Curvularia nanningensis sp. nov.,https://www.checklistbank.org/dataset/24053
315189,66542,Zhong2026,block,host plant association,fungus Diaporthe placed under host Fagaceae,"Diaporthe [Plantae/Magnoliopsida/Fagales/Fagaceae] vs Nitschke, 1870 [Fungi/Sordariomycetes/Diaporthales/Diaporthaceae]",Plazi.org taxonomic treatments database,10,Unveiling cryptic diversity of Diaporthe associated with leaf spots of Fagaceae in China using an integrative taxonomic approach,https://www.checklistbank.org/dataset/315189
45245,31339,Özdemir2014,block,host plant association,host plant Rhododendron placed under Aphididae,Rhododendron [Animalia/Insecta/Hemiptera/Aphididae] vs L. [Plantae/Magnoliopsida/Ericales/Ericaceae],Plazi.org taxonomic treatments database,6,"A new genus of Macrosiphini Wilson, 1910 (1887) (Hemiptera: Aphididae) from Rhododendron in Turkey",https://www.checklistbank.org/dataset/45245
313887,65322,Şahin2025,block,host plant association,host plant Valeriana placed under Aphididae,Valeriana [Animalia/Insecta/Hemiptera/Aphididae] vs L. [Plantae/Magnoliopsida/Dipsacales/Caprifoliaceae],Plazi.org taxonomic treatments database,7,"A new species of Aphis Linnaeus, 1758 (Hemiptera: Aphididae) from northwestern Türkiye",https://www.checklistbank.org/dataset/313887
29195,16851,Abrunhosa2018,block,host/parasite association,myxozoan Myxobolus placed under the fish host,"Myxobolus [Animalia/Teleostei/Siluriformes/Pimelodidae] vs Bütschli, 1882 [Animalia/Myxozoa/Bivalvulida/Myxobolidae]",Plazi.org taxonomic treatments database,3,"A new species of myxozoa in the skeletal striated musculature of Rhamdia quelen (Quoy & Gaimard) (Siluriforme: Pimelodidae) Amazonian fish, Marajó island, Brazil",https://www.checklistbank.org/dataset/29195
5467,50153,Acosta2003,block,host/parasite association,rodent host Peromyscus placed under Ceratophyllidae (fleas),"Peromyscus [Animalia/Insecta/Siphonaptera/Ceratophyllidae] vs Gloger, 1841 [Animalia/Mammalia/Rodentia/Cricetidae]",Plazi.org taxonomic treatments database,66,"New records of rodent fleas from Queretaro, Mexico (Siphonaptera)",https://www.checklistbank.org/dataset/5467
21391,10459,Aini2020,block,host/parasite association,fungus Akanthomyces placed under the moth host (Lepidoptera),Akanthomyces [Animalia/Insecta/Lepidoptera] vs Lebert [Fungi/Sordariomycetes/Cordycipitaceae],Plazi.org taxonomic treatments database,5,Diversity of Akanthomyces on moths (Lepidoptera) in Thailand,https://www.checklistbank.org/dataset/21391
33128,20183,Ansari2017,block,host/parasite association,copepod host Laophonte placed under suctorian ciliates,"Laophonte [Chromista/Kinetofragminophora/Suctorida/Paracinetidae] vs Philippi, 1840 [Animalia/Copepoda/Laophontidae]",Plazi.org taxonomic treatments database,13,Some epibiont suctorian ciliates from meiofaunal organisms of Maldivian archipelago with description of a new ciliate species,https://www.checklistbank.org/dataset/33128
50461,36405,Bandyopadhyay2006,block,host/parasite association,gregarine Nematocystis placed under the earthworm host,"Nematocystis [Animalia/Clitellata] vs Hesse, 1909 [Chromista/Conoidasida/Arthrogregarida/Monocystidae]",Plazi.org taxonomic treatments database,4,Nematocystis indicus sp. nov. (Apicomplexa: Monocystidae) from an Indian earthworm (Annelida: Oligochaeta) Perionyx excavatus (Perrier),https://www.checklistbank.org/dataset/50461
51344,37252,Baquero2003,block,host/parasite association,mite Polydiscia placed under the springtail host,"Polydiscia [Animalia/Collembola/Symphypleona] vs Methlagl, 1928 [Animalia/Arachnida/Trombidiformes/Johnstonianidae]",Plazi.org taxonomic treatments database,6,"A new species of Polydiscia (Acari, Prostigmata, Tanaupodidae) with reference to its host: a new species of Deuterosminthurus (Collembola, Symphypleona, Bourletiellidae)",https://www.checklistbank.org/dataset/51344
38855,25162,Bejarano2016,block,host/parasite association,Leishmania placed under the sand fly vector Psychodidae (backend#1608),"Leishmania [Animalia/Insecta/Diptera/Psychodidae] vs Ross, 1903 [Protozoa/Kinetoplastea/Trypanosomatida/Trypanosomatidae]",Plazi.org taxonomic treatments database,325,FAMILY PSYCHODIDAE,https://www.checklistbank.org/dataset/38855
8017,7829,BezerraSantos2020,block,host/parasite association,Eimeria placed under the opossum host,"Eimeria [Animalia/Mammalia/Didelphimorphia] vs Schneider, 1875 [Chromista/Conoidasida/Eucoccidiorida/Eimeriidae]",Plazi.org taxonomic treatments database,3,"Eimeria spp. (Apicomplexa: Eimeriidae) in Didelphis aurita Wied-Neuwied, 1826 (Didelphimorphia: Didelphidae) and description of a new species infecting this opossum",https://www.checklistbank.org/dataset/8017
8606,8349,Bratt2020,block,host/parasite association,sciomyzid Colobaea placed under the snail host Succineidae,"Colobaea Zetterstedt, 1837 [Animalia/Gastropoda/Succineidae] vs Zetterstedt, 1837 [Animalia/Insecta/Diptera/Sciomyzidae]",Plazi.org taxonomic treatments database,28,"Biology, immature stages, and systematics of snail-killing flies of the genus Colobaea (Diptera: Sciomyzidae), with overviews of aspects of the tribe Sciomyzini",https://www.checklistbank.org/dataset/8606
311734,62995,Cabral2021,block,host/parasite association,Toxoplasma placed under the bat host (Chiroptera),"Toxoplasma [Animalia/Mammalia/Chiroptera] vs Nicolle & Manceaux, 1909 [Chromista/Conoidasida/Eucoccidiorida/Sarcocystidae]",Plazi.org taxonomic treatments database,3,"Occurrence and diversity of Sarcocystidae protozoa in muscle and brain tissues of bats from Sao ˜ Paulo state, Brazil",https://www.checklistbank.org/dataset/311734
37002,23470,Cairns2013,block,host/parasite association,gastropod Pedicularia (associate of stylasterids) placed under Cnidaria,"Pedicularia [Animalia] vs Swainson, 1840 [Animalia/Gastropoda/Littorinimorpha/Ovulidae]",Plazi.org taxonomic treatments database,33,"Stylasteridae (Cnidaria, Hydrozoa, Filifera) from South Africa",https://www.checklistbank.org/dataset/37002
23066,11864,Chatterjee2020,block,host/parasite association,ostracod host Eucypris placed under ciliate family Epistylididae,"Eucypris [Chromista/Oligohymenophorea/Peritrichida/Epistylididae] vs Vavra, 1891 [Animalia/Ostracoda/Podocopida/Cyprididae]",Plazi.org taxonomic treatments database,91,"A checklist of ciliates (Ciliophora) inhabiting on ostracods (Crustacea, Ostracoda)",https://www.checklistbank.org/dataset/23066
25813,14069,Chuang2019,block,host/parasite association,wasp Philolema placed under the spider host Araneidae,"Philolema [Animalia/Arachnida/Araneae/Araneidae] vs Cameron, 1908 [Animalia/Insecta/Hymenoptera/Eurytomidae]",Plazi.org taxonomic treatments database,4,"Two hymenopteran egg sac associates of the tent-web orbweaving spider, Cyrtophora citricola (Forskal, 1775) (Araneae, Araneidae)",https://www.checklistbank.org/dataset/25813
36079,22625,Constantinescu2016,block,host/parasite association,feather mite Trouessartia placed under the bird host (backend#1608),"Trouessartia [Animalia/Aves/Passeriformes] vs Canestrini, 1899 [Animalia/Arachnida/Sarcoptiformes/Trouessartiidae]",Plazi.org taxonomic treatments database,4,"Two new species of the genus Trouessartia (Acari, Trouessartiidae) from laughingthrushes (Passeriformes, Leiothrichidae)",https://www.checklistbank.org/dataset/36079
35847,22434,Constantinescu2017,block,host/parasite association,feather mite Proterothrix placed under the bird host,"Proterothrix [Animalia/Aves/Passeriformes] vs Gaud, 1968 [Animalia/Arachnida/Sarcoptiformes/Proctophyllodidae]",Plazi.org taxonomic treatments database,3,"A new feather mite species of the genus Proterothrix Gaud, 1968 (Acarina, Proctophyllodidae) from the Large Niltava, Niltavagrandis (Passeriformes, Muscicapidae) - an integrative description",https://www.checklistbank.org/dataset/35847
313401,64846,Cristiano2020,block,host/parasite association,beetle Cis placed under host fungi (Agaricomycetes),"Cis [Fungi/Agaricomycetes] vs Latreille, 1797 [Animalia/Insecta/Coleoptera/Ciidae]",Plazi.org taxonomic treatments database,5,"A New Species of Cis Latreille (Coleoptera: Ciidae) from the USA, with Comments on the Use by Ciidae of Stereaceae Fungi (Basidiomycota: Agaricomycetes: Russulales) As Hosts",https://www.checklistbank.org/dataset/313401
51335,37244,Davidson2003,block,host/parasite association,wasp Cerceris (predator of buprestids) placed under Buprestidae,"Cerceris [Animalia/Insecta/Coleoptera/Buprestidae] vs Latreille, 1802 [Animalia/Insecta/Hymenoptera/Crabronidae]",Plazi.org taxonomic treatments database,10,"Mexican Acmaeodera Eschscholtz, 1829: A new species and checklist, with miscellaneous taxonomic and biological notes on other North American Buprestidae (Coleoptera)",https://www.checklistbank.org/dataset/51335
47409,33444,Davies2010,block,host/parasite association,nematode Fergusobia placed under host plant Myrtaceae,"Fergusobia [Plantae/Magnoliopsida/Myrtales/Myrtaceae] vs Currie, 1937 [Animalia/Chromadorea/Rhabditida/Neotylenchidae]",Plazi.org taxonomic treatments database,3,"Nematodes from galls on Myrtaceae. I. Fergusobia / Fergusonina galls on Corymbia spp., with re-description of F. m a g n a and notes on its phylogenetic relationships",https://www.checklistbank.org/dataset/47409
39311,25582,Dronen2015,block,host/parasite association,bird host genera placed under Cyclocoelidae (Trematoda),"Phoenicopterus [Animalia/Trematoda/Plagiorchiida/Cyclocoelidae] vs Linnaeus, 1758 [Animalia/Aves/Phoenicopteriformes/Phoenicopteridae]; Numenius [Animalia/Trematoda/Plagiorchiida/Cyclocoelidae] vs Brisson, 1760 [Animalia/Aves/Charadriiformes/Scolopacidae]",Plazi.org taxonomic treatments database,152,"Updated keys to the genera in the subfamilies of Cyclocoelidae Stossich, 1902, including a reconsideration of species assignments, species keys and the proposal of a new genus in Szidatitreminae Dronen, 2007",https://www.checklistbank.org/dataset/39311
36320,22834,Dronen2017,block,host/parasite association,trematode Uvitellina placed under the bird host,"Uvitellina [Animalia/Aves/Charadriiformes] vs Witenberg, 1923 [Animalia/Trematoda/Plagiorchiida/Cyclocoelidae]",Plazi.org taxonomic treatments database,3,"Intraspecific variation in adult Uvitellina iraquensis Dronen, Ali & Al-Amura, 2013 (Cyclocoelidae: Haematotrephinae) from two collection sites of white-tailed lapwing, Vanellus leucurus (Lichtenstein) (Charadriiformes: Charadriidae), in Iraq",https://www.checklistbank.org/dataset/36320
28957,16651,GaryAPGibson2016,block,host/parasite association,lepidopteran host Dendrolimus placed under Eupelmidae,"Dendrolimus [Animalia/Insecta/Hymenoptera/Eupelmidae] vs Germar, 1812 [Animalia/Insecta/Lepidoptera/Lasiocampidae]",Plazi.org taxonomic treatments database,101,Revision of the Palaearctic species of Eupelmus (Eupelmus) Dalman (Hymenoptera: Chalcidoidea: Eupelmidae),https://www.checklistbank.org/dataset/28957
44557,30678,Gibson2012,block,host/parasite association,eupelmid egg parasitoids placed under the phasmid host,"Tineobius [Animalia/Insecta/Phasmida] vs Ashmead, 1896 [Animalia/Insecta/Hymenoptera/Eupelmidae]; Anastatus Motschulsky, 1859 [Animalia/Insecta/Phasmida] vs Motschulsky, 1859 [Animalia/Insecta/Hymenoptera/Eupelmidae]; Eupelmus [Animalia/Insecta/Phasmida] vs Dalman, 1820 [Animalia/Insecta/Hymenoptera/Eupelmidae]",Plazi.org taxonomic treatments database,23,"Nomenclatural changes in Anastatus Motschulsky and the description of Anastatus eurycanthae Gibson n. sp. (Eupelmidae: Eupelminae), an egg parasitoid of Eurycantha calcarata Lucas (Phasmida: Phasmatidae) from Papua New Guinea",https://www.checklistbank.org/dataset/44557
30597,18009,Gupta2018,block,host/parasite association,braconid Acanthormius placed under the lepidopteran host,"Acanthormius [Animalia/Insecta/Lepidoptera] vs Ashmead, 1906 [Animalia/Insecta/Hymenoptera/Braconidae]",Plazi.org taxonomic treatments database,3,A new species of Acanthormius (Braconidae: Lysiterminae) reared as a gregarious parasitoid of psychid caterpillar (Lepidoptera: Psychidae) from India,https://www.checklistbank.org/dataset/30597
26499,14647,Gustafsson2019,block,host/parasite association,bird host Lonchura placed under Philopteridae,"Lonchura [Animalia/Insecta/Psocodea/Philopteridae] vs Sykes, 1832 [Animalia/Aves/Passeriformes/Estrildidae]",Plazi.org taxonomic treatments database,95,The genera and species of the Brueelia - complex (Phthiraptera: Philopteridae) described by Mey (2017),https://www.checklistbank.org/dataset/26499
33716,20669,Hastriter2013,block,host/parasite association,bat flies (Hippoboscidae) placed under the flea family Stivaliidae,"Maabella [Animalia/Insecta/Siphonaptera/Stivaliidae] vs Hastriter & Bush, 2006 [Animalia/Insecta/Diptera/Hippoboscidae]; Ascodipteron [Animalia/Insecta/Siphonaptera/Stivaliidae] vs Adensamer, 1896 [Animalia/Insecta/Diptera/Hippoboscidae]",Plazi.org taxonomic treatments database,15,"Description of Lentistivalius philippinensis, a new species of flea (Siphonaptera, Pygiosyllomorpha, Stivaliidae), and new records of Ascodipterinae (Streblidae) on bats and other small mammals from Luzon, The Philippines",https://www.checklistbank.org/dataset/33716
270715,44866,Hrycyna2023,block,host/parasite association,bat host Thyroptera placed under Diptera,"Thyroptera Spix, 1823 [Animalia/Insecta/Diptera] vs Spix, 1823 [Animalia/Mammalia/Chiroptera/Thyropteridae]",Plazi.org taxonomic treatments database,10,"Hershkovitzia (Diptera: Nycteribiidae): revision, phylogeny, and cophylogeny",https://www.checklistbank.org/dataset/270715
43628,29774,Joharchi2013,block,host/parasite association,mite Promacrolaelaps placed under the beetle host,"Promacrolaelaps [Animalia/Insecta/Coleoptera] vs Costa, 1971 [Animalia/Arachnida/Mesostigmata/Laelapidae]",Plazi.org taxonomic treatments database,3,A new species of the genus Promacrolaelaps (Acari: Laelapidae) associated with Propomacrus bimucronatus (Pallas) (Coleoptera: Scarabaeidae) in Iran,https://www.checklistbank.org/dataset/43628
7317,7229,Joharchi2015,block,host/parasite association,laelapid mites placed under the ant host (Hymenoptera),"Pseudoparasitus [Animalia/Insecta/Hymenoptera] vs Oudemans [Animalia/Arachnida/Mesostigmata/Laelapidae]; Reticulolaelaps Costa, 1968 [Animalia/Insecta/Hymenoptera] vs Costa, 1968 [Animalia/Arachnida/Mesostigmata/Laelapidae]",Plazi.org taxonomic treatments database,6,"A new species of Reticulolaelaps Costa (Acari: Laelapidae) associated with Tapinoma sp. (Hymenoptera: Formicidae) from Iran, with a review of the world species",https://www.checklistbank.org/dataset/7317
27050,15119,Johnson2006,block,host/parasite association,chewing lice placed under the bird host Pycnonotidae,"Myrsidea [Animalia/Aves/Passeriformes/Pycnonotidae] vs Waterston, 1915 [Animalia/Insecta/Psocodea/Menoponidae]",Plazi.org taxonomic treatments database,8,Five new species of Myrsidea Waterston (Phthiraptera: Menopo- nidae) from bristlebills and greenbuls (Passeriformes: Pycnonotidae) in Ghana,https://www.checklistbank.org/dataset/27050
300357,54360,Jorissen2018,block,host/parasite association,cichlid host genera placed under Monogenea,"Tylochromis [Animalia/Monogenea] vs Regan, 1920 [Animalia/Teleostei/Cichliformes/Cichlidae]; Coptodon Gervais, 1853 [Animalia/Monogenea] vs Gervais, 1853 [Animalia/Teleostei/Cichliformes/Cichlidae]; Hemichromis Peters, 1857 [Animalia/Monogenea] vs Peters, 1857 [Animalia/Teleostei/Cichliformes/Cichlidae]",Plazi.org taxonomic treatments database,15,"Six new dactylogyrid species (Platyhelminthes, Monogenea) from the gills of cichlids (Teleostei, Cichliformes) from the Lower Congo Basin",https://www.checklistbank.org/dataset/300357
47020,33067,Justine2010,block,host/parasite association,lethrinid fish hosts placed under Anisakidae (Nematoda),"Gnathodentex [Animalia/Chromadorea/Rhabditida/Anisakidae] vs Bleeker, 1873 [Animalia/Teleostei/Perciformes/Lethrinidae]; Gymnocranius [Animalia/Chromadorea/Rhabditida/Anisakidae] vs Klunzinger, 1870 [Animalia/Teleostei/Perciformes/Lethrinidae]",Plazi.org taxonomic treatments database,23,"An annotated list of fish parasites (Copepoda, Monogenea, Digenea, Cestoda and Nematoda) collected from Emperors and Emperor Bream (Lethrinidae) in New Caledonia further highlights parasite biodiversity estimates on coral reef fish",https://www.checklistbank.org/dataset/47020
38588,24910,Khaustov2016,block,host/parasite association,mite Petalomium placed under the ant host,"Petalomium Cross, 1965 [Animalia/Insecta/Hymenoptera] vs Cross, 1965 [Animalia/Arachnida/Trombidiformes/Pygmephoridae]",Plazi.org taxonomic treatments database,7,"New species and a record of myrmecophilous mites of the families Neopygmephoridae and Microdispidae (Acari: Heterostigmatina: Pygmephoroidea) associated with Lasius umbratus (Hymenoptera: Formicidae) from Western Siberia, Russia",https://www.checklistbank.org/dataset/38588
7151,7085,Khaustov2021,block,host/parasite association,tarsonemid mite placed under the bark beetle host,"Unguitarsonemus Khaustov & Petrov & Kolesnikov, 2021 [Animalia/Insecta/Coleoptera] vs Khaustov, Petrov & Kolesnikov, 2021 [Animalia/Arachnida/Trombidiformes/Tarsonemidae]",Plazi.org taxonomic treatments database,6,A new genus and two new species of Tarsonemidae (Acari: Heterostigmata) associated with bark beetles (Coleoptera: Curculionidae: Scolytinae) from Peru,https://www.checklistbank.org/dataset/7151
33866,20795,Korenko2013,block,host/parasite association,hymenopteran parasitoids placed under the spider host Zodariidae,"Gelis [Animalia/Arachnida/Araneae/Zodariidae] vs ? [Animalia/Insecta/Coleoptera]; Calymmochilus [Animalia/Arachnida/Araneae/Zodariidae] vs Masi, 1919 [Animalia/Insecta/Hymenoptera/Eupelmidae]",Plazi.org taxonomic treatments database,7,"Hymenopteran parasitoids of the ant-eating spider Zodarion styliferum (Simon) (Araneae, Zodariidae)",https://www.checklistbank.org/dataset/33866
33240,52114,Martin2017,block,host/parasite association,fish host Epinephelus placed under Opecoelidae (Trematoda),"Epinephelus [Animalia/Trematoda/Plagiorchiida/Opecoelidae] vs Bloch, 1793 [Animalia/Teleostei/Perciformes/Epinephelidae]",Plazi.org taxonomic treatments database,56,"An updated concept and revised composition for Hamacreadium Linton, 1910 (Opecoelidae: Plagioporinae) clarifies a previously obscured pattern of host-specificity among species",https://www.checklistbank.org/dataset/33240
20018,9317,Martynova2014,block,host/parasite association,beetle Trichodes placed under Hymenoptera,"Trichodes [Animalia/Insecta/Hymenoptera] vs Herbst, 1792 [Animalia/Insecta/Coleoptera/Cleridae]",Plazi.org taxonomic treatments database,11,"Omalus Sculpticollis As The Main Enemy Of Psenulus Fuscipennis (Hymenoptera: Chrysididae, Crabronidae) In The Crimea, Ukraine",https://www.checklistbank.org/dataset/20018
38540,24864,MayénEstrada2016,block,host/parasite association,crustacean host genera placed under ciliate family Lagenophryidae,"Liberonautes [Chromista/Oligohymenophorea/Peritrichida/Lagenophryidae] vs Bott, 1955 [Animalia/Malacostraca/Decapoda/Potamonautidae]; Lirceus [Chromista/Oligohymenophorea/Peritrichida/Lagenophryidae] vs Rafinesque, 1820 [Animalia/Malacostraca/Isopoda/Asellidae]; Synamphisopus [Chromista/Oligohymenophorea/Peritrichida/Lagenophryidae] vs Nicholls, 1943 [Animalia/Malacostraca/Isopoda/Phreatoicopsidae]",Plazi.org taxonomic treatments database,128,"An annotated checklist of species in the family Lagenophryidae (Ciliophora, Oligohymenophorea, Peritrichia), With a brief review of their taxonomy, morphology, and biogeography",https://www.checklistbank.org/dataset/38540
47705,33734,Menon2011,block,host/parasite association,mite Hemipteroseius placed under the bug host (Hemiptera),"Hemipteroseius [Animalia/Insecta/Hemiptera] vs Evans, 1963 [Animalia/Arachnida/Mesostigmata/Otopheidomenidae]",Plazi.org taxonomic treatments database,3,A new species of Hemipteroseius (Acari: Otopheidomenidae) parasitic on Dysdercus (Hemiptera: Pyrrhocoridae) in India,https://www.checklistbank.org/dataset/47705
49617,35586,Meyer2008,block,host/parasite association,chewing louse Picicola placed under the bird host,"Picicola [Animalia/Aves/Passeriformes/Eurylaimidae] vs Clay & Meinertzhagen, 1938 [Animalia/Insecta/Psocodea/Philopteridae]",Plazi.org taxonomic treatments database,4,"A new species of Picicola Clay and Meinertzhagen, 1938 (Phthiraptera: Ischnocera) parasitic on the Rufous-sided Broadbill (Passeriformes: Eurylaimidae) in Ghana",https://www.checklistbank.org/dataset/49617
284677,46161,Meyer2023,block,host/parasite association,Artemia and Aedes placed under Rotifera,"Artemia [Animalia] vs Leach, 1819 [Animalia/Branchiopoda/Anostraca/Artemiidae]; Aedes [Animalia] vs Meigen, 1818 [Animalia/Insecta/Diptera/Culicidae]",Plazi.org taxonomic treatments database,8,Integrative microscopy to explore physical and nanomechanical properties of eggshells of diapausing embryos in Rotifera: a proof-of-concept study,https://www.checklistbank.org/dataset/284677
291175,47011,MontesRodríguez2024,block,host/parasite association,"natural enemies (Coccinellidae, Chamaemyiidae) placed under Pteromalidae","Cryptolaemus [Animalia/Insecta/Hymenoptera/Pteromalidae] vs Mulsant, 1853 [Animalia/Insecta/Coleoptera/Coccinellidae]; Leucopina [Animalia/Insecta/Hymenoptera/Pteromalidae] vs Malloch, 1927 [Animalia/Insecta/Diptera/Chamaemyiidae]",Plazi.org taxonomic treatments database,13,"Natural enemies of Maconellicoccus hirsutus (Green) (Hemiptera: Coccomorpha: Pseudococcidae), with description of a new species of Leucopina Malloch (Diptera: Chamaemyiidae)",https://www.checklistbank.org/dataset/291175
48186,34203,Mortazavi2011,block,host/parasite association,mite Trochometridium placed under the beetle host,"Trochometridium [Animalia/Insecta/Coleoptera] vs Cross, 1965 [Animalia/Arachnida/Trombidiformes/Pyemotidae]",Plazi.org taxonomic treatments database,3,A new species of the family Trochometridiidae (Acari: Heterostigmatina) associated with Paulusiella sp. (Coleoptera: Elateridae) from Iran,https://www.checklistbank.org/dataset/48186
311707,62981,Murphy2023,block,host/parasite association,snail and mussel prey/host genera placed under Sciomyzidae,"Galba [Animalia/Insecta/Diptera/Sciomyzidae] vs Schrank, 1803 [Animalia/Gastropoda/Lymnaeidae]; Rio [Animalia/Insecta/Diptera/Sciomyzidae] vs Kirkaldy, 1909 [Animalia/Insecta/Hemiptera/Pentatomidae]; Lampsilis [Animalia/Insecta/Diptera/Sciomyzidae] vs Rafinesque, 1820 [Animalia/Bivalvia]",Plazi.org taxonomic treatments database,193,Overview of the Sciomyzidae (Diptera: Sciomyzoidea) of the Americas south of the United States,https://www.checklistbank.org/dataset/311707
44196,30330,Najer2012,block,host/parasite association,chewing lice placed under their passerine host families,"Menacanthus [Animalia/Aves/Passeriformes/Zosteropidae] vs Neumann, 1912 [Animalia/Insecta/Psocodea/Menoponidae]; Philopterus [Animalia/Aves/Passeriformes/Muscicapidae] vs Nitzsch, 1818 [Animalia/Insecta/Psocodea/Philopteridae]; Brueelia [Animalia/Aves/Passeriformes/Turdidae] vs Kéler, 1936 [Animalia/Insecta/Psocodea/Philopteridae]",Plazi.org taxonomic treatments database,38,"Chewing lice (Phthiraptera: Amblycera, Ischnocera) from wild passerines (Aves: Passeriformes) in northern Vietnam, with descriptions of three new species",https://www.checklistbank.org/dataset/44196
267791,44691,Neuhaus2023,block,host/parasite association,kinorhynch host Setaphyes placed under ciliate family Vaginicolidae,"Setaphyes [Chromista/Oligohymenophorea/Peritrichida/Vaginicolidae] vs Sánchez, Yamasaki, Pardos, Sørensen & Martínez, 2016 [Animalia/Allomalorhagida/Pycnophyidae]",Plazi.org taxonomic treatments database,16,"Epibiontic life on intertidal Setaphyes kielensis and S. dentatus (Kinorhyncha, Pycnophyidae) from Sylt, North Sea, Germany, with a description of a new species of Trematosoma (Ciliophora, Acinetidae) and a redescription of Cothurnia buetschlii (Ciliophora, Vaginicolidae)",https://www.checklistbank.org/dataset/267791
34290,21135,Ng2016,block,host/parasite association,pea crab Serenotheres placed under the mussel host (Bivalvia),"Serenotheres [Animalia/Bivalvia] vs Ahyong & Ng, 2005 [Animalia/Malacostraca/Decapoda/Pinnotheridae]",Plazi.org taxonomic treatments database,4,"A new species of pea crab of the genus Serenotheres Ahyong & Ng, 2005 (Crustacea, Brachyura, Pinnotheridae) from the date mussel Leiosolenus Carpenter, 1857 (Mollusca, Bivalvia, Mytilidae, Lithophaginae) from the Solomon Islands",https://www.checklistbank.org/dataset/34290
27538,15506,Oliveira2019,block,host/parasite association,Isospora placed under the bird host,"Isospora [Animalia/Aves/Passeriformes/Tyrannidae] vs Schneider, 1881 [Chromista/Conoidasida/Eucoccidiorida/Eimeriidae]",Plazi.org taxonomic treatments database,3,Isospora brasilsatoae n. sp. (Apicomplexa: Eimeriidae) from thrushes Turdus spp. (Passeriformes: Turdidae) from Brazil,https://www.checklistbank.org/dataset/27538
30937,18294,Orsini2018,block,host/parasite association,nematode Thelastoma placed under the beetle host,"Thelastoma [Animalia/Insecta/Coleoptera] vs Leidy, 1849 [Animalia/Chromadorea/Rhabditida/Thelastomatidae]",Plazi.org taxonomic treatments database,3,Thelastoma vanwaerebekei n. sp. (Oxyurida: Thelastomatidae) a parasite of Gymnetis litigiosa (Coleoptera: Scarabaeidae) from Uruguay,https://www.checklistbank.org/dataset/30937
310639,61929,Pacheco2020,block,host/parasite association,parasitoid wasps placed under their noctuid host,"Copidosoma [Animalia/Insecta/Lepidoptera/Noctuidae] vs Ratzeburg, 1844 [Animalia/Insecta/Hymenoptera/Encyrtidae]; Cotesia [Animalia/Insecta/Lepidoptera/Noctuidae] vs Cameron, 1891 [Animalia/Insecta/Hymenoptera/Braconidae]; Campoletis [Animalia/Insecta/Lepidoptera/Noctuidae] vs Förster, 1868 [Animalia/Insecta/Hymenoptera/Ichneumonidae]",Plazi.org taxonomic treatments database,8,Host suitability of Trichoplusia ni and Chrysodeixis chalcites (Lepidoptera: Noctuidae) for native and nonnative parasitoids expanding their host range,https://www.checklistbank.org/dataset/310639
32904,19980,Rodriguez2017,block,host/parasite association,chytrid Batrachochytrium placed under the frog host,"Batrachochytrium [Animalia/Amphibia/Anura/Craugastoridae] vs Longcore, Pessier & D.K.Nichols [Fungi/Rhizophydiomycetes/Rhizophydiales/Batrachochytriaceae]",Plazi.org taxonomic treatments database,9,"Four new species of terrestrial-breeding frogs of the genus Phrynopus (Anura: Terrarana: Craugastoridae) from Río Abiseo National Park, Peru",https://www.checklistbank.org/dataset/32904
22681,11525,Rodríguez2010,block,host/parasite association,nematode parasites placed under the beetle host (Coleoptera),"Longior [Animalia/Insecta/Coleoptera] vs Travassos & Kloss, 1958 [Animalia/Chromadorea/Rhabditida/Hystrignathidae]; Lepidonema Cobb, 1898 [Animalia/Insecta/Coleoptera] vs Cobb, 1898 [Animalia/Chromadorea/Rhabditida/Hystrignathidae]; Hystrignathus Leidy, 1850 [Animalia/Insecta/Coleoptera] vs Leidy, 1850 [Animalia/Chromadorea/Rhabditida/Hystrignathidae]",ZooKeys,7,"Two new species of nematode (Oxyurida, Hystrignathidae) parasites of Passalus interstitialis Escholtz, 1829 (Coleoptera, Passalidae) from Cuba and a new locality for Longior similis Morffe, Garcia & Ventosa, 2009",https://www.checklistbank.org/dataset/22681
50204,36156,Seeman2007,block,host/parasite association,mite Paradiplogynium placed under the earwig host,"Paradiplogynium [Animalia/Insecta/Dermaptera] vs Womersley, 1958 [Animalia/Arachnida/Mesostigmata/Diplogyniidae]",Plazi.org taxonomic treatments database,3,"A new species of Paradiplogynium (Acari: Diplogyniidae) from Titanolabis colossea (Dohrn) (Dermaptera: Anisolabididae), Australia’s largest earwig",https://www.checklistbank.org/dataset/50204
45933,32013,Shah2011,block,host/parasite association,insect host Gryllotalpa placed under Thelastomatidae (Nematoda),"Gryllotalpa [Animalia/Chromadorea/Rhabditida/Thelastomatidae] vs Latreille, 1802 [Animalia/Insecta/Orthoptera/Gryllotalpidae]",Plazi.org taxonomic treatments database,40,"Nematode parasites of invertebrates from Manipur, North East India (Diagnosis, keys and illustration)",https://www.checklistbank.org/dataset/45933
41365,27577,Shaw2009,block,host/parasite association,myrmecophilous mites placed under the ant host,"Myrmozercon Berlese, 1902 [Animalia/Insecta/Hymenoptera] vs Berlese, 1902 [Animalia/Arachnida/Mesostigmata/Laelapidae]",Plazi.org taxonomic treatments database,7,Two new species of Myrmozercon (Acari: Laelapidae) from Australian ants (Hymenoptera: Formicidae),https://www.checklistbank.org/dataset/41365
7141,7076,Shaw2021,block,host/parasite association,ichneumonid Gelis placed under the beetle host (Coleoptera),Gelis [Animalia/Insecta/Coleoptera] vs ? [Animalia/Arachnida/Araneae/Zodariidae],Plazi.org taxonomic treatments database,3,"The remarkable biology of a new species of Gelis Thunberg, 1827 (Ichneumonidae, Phygadeuontinae), a solitary endoparasitoid of fresh eggs of Timarcha (Coleoptera, Chrysomelidae)",https://www.checklistbank.org/dataset/7141
30017,17530,Sinclair2023,block,host/parasite association,bird host Buteo placed under Hippoboscidae,"Buteo [Animalia/Insecta/Diptera/Hippoboscidae] vs Lacépède, 1799 [Animalia/Aves/Accipitriformes/Accipitridae]",Plazi.org taxonomic treatments database,879,An annotated checklist of the Diptera of the Galápagos Archipelago (Ecuador),https://www.checklistbank.org/dataset/30017
41572,27776,Skoracki2004,block,host/parasite association,quill mites placed under the passerine host,"Dissonus [Animalia/Aves/Passeriformes] vs Wilson C.B., 1906 [Animalia/Copepoda/Dissonidae]; Picobia [Animalia/Aves/Passeriformes] vs Haller, 1878 [Animalia/Arachnida/Trombidiformes/Syringophilidae]; Syringophilopsis [Animalia/Aves/Passeriformes] vs Kethley, 1970 [Animalia/Arachnida/Trombidiformes/Syringophilidae]",Plazi.org taxonomic treatments database,7,Quill mites (Acari: Syringophilidae) from Aegithalos caudatus (Passeriformes: Aegithalidae),https://www.checklistbank.org/dataset/41572
27064,15133,Valim2006,block,host/parasite association,chewing louse placed under the bird host,"Craspedorrhynchus [Animalia/Aves/Falconiformes] vs Kéler, 1938 [Animalia/Insecta/Psocodea/Philopteridae]",Plazi.org taxonomic treatments database,4,"Craspedorrhynchus linardii, a new species of chewing louse (Phthiraptera: Ischnocera: Philopteridae) from the Gray-headed Kite (Aves: Falconiformes: Accipitridae)",https://www.checklistbank.org/dataset/27064
4480,4797,Wang2021,block,host/parasite association,fungus Ophiocordyceps placed under the beetle host,Ophiocordyceps [Animalia/Insecta/Coleoptera] vs Petch [Fungi/Sordariomycetes/Ophiocordycipitaceae],Plazi.org taxonomic treatments database,4,"Ophiocordyceps furcatosubulata, a new entomopathogenic fungus parasitizing beetle larvae (Coleoptera: Elateridae)",https://www.checklistbank.org/dataset/4480
5586,5700,Wen2013,block,host/parasite association,fungus Ophiocordyceps placed under the moth host Hepialidae,Ophiocordyceps [Animalia/Insecta/Lepidoptera/Hepialidae] vs ? [Animalia/Insecta/Coleoptera],Plazi.org taxonomic treatments database,3,"Ophiocordyceps xuefengensis sp. nov. from larvae of Phassus nodus (Hepialidae) in Hunan Province, southern China",https://www.checklistbank.org/dataset/5586
38472,24801,Winterbottom2016,block,host/parasite association,coral Acropora placed under Gobiidae,"Acropora [Animalia/Teleostei/Gobiiformes/Gobiidae] vs Oken, 1815 [Animalia/Anthozoa/Scleractinia/Acroporidae]",Plazi.org taxonomic treatments database,8,"Trimma tevegae and T. caudomaculatum revisited and redescribed (Acanthopterygii, Gobiidae), with descriptions of three new similar species from the western Pacific",https://www.checklistbank.org/dataset/38472
34334,52280,Yoder2014,block,host/parasite association,parasitoid Scelio placed under the grasshopper host Acrididae,"Scelio [Animalia/Insecta/Orthoptera/Acrididae] vs Latreille, 1805 [Animalia/Insecta/Hymenoptera/Scelionidae]",Plazi.org taxonomic treatments database,73,"Monograph of the Afrotropical species of Scelio Latreille (Hymenoptera, Platygastridae), egg parasitoids of acridid grasshoppers (Orthoptera, Acrididae)",https://www.checklistbank.org/dataset/34334
300086,54256,Úngari2020,block,host/parasite association,apicomplexan Dactylosoma placed under the frog host,"Dactylosoma [Animalia/Amphibia/Anura] vs Labbé, 1894 [Chromista/Dactylosomatidae]",Plazi.org taxonomic treatments database,3,"A new species, Dactylosoma piperis n. sp. (Apicomplexa, Dactylosomatidae), from the pepper frog Leptodactylus labyrinthicus (Anura, Leptodactylidae) from Mato Grosso State, Brazil.",https://www.checklistbank.org/dataset/300086
21860,50865,Antonietto2016,block,wrong higher classification,ostracod Harbinia placed under Curculionidae,"Harbinia [Animalia/Insecta/Coleoptera/Curculionidae] vs Tsao, 1959 [Animalia/Ostracoda/Podocopida/Cyprididae]",European Journal of Taxonomy,79,"Ostracoda (Arthropoda, Crustacea) from the Riachuelo Formation, Sergipe-Alagoas Basin, Brazil, Upper Aptian-Albian",https://www.checklistbank.org/dataset/21860
29178,16836,Appolloni2018,block,wrong higher classification,"mollusc genera placed in the wrong class (gastropods under Bivalvia, chiton under Thyasiridae)","Diodora [Animalia/Bivalvia/Nuculanida] vs J. E. Gray, 1821 [Animalia/Gastropoda/Lepetellida/Fissurellidae]; Leda [Animalia/Gastropoda/Lepetellida/Fissurellidae] vs Schumacher, 1817 [Animalia/Bivalvia/Nuculanida/Nuculanidae]; Lepidopleurus [Animalia/Bivalvia/Lucinida/Thyasiridae] vs Risso, 1826 [Animalia/Polyplacophora/Lepidopleurida/Leptochitonidae]",Plazi.org taxonomic treatments database,421,"Catalogue of the primary types of marine molluscan taxa described by Tommaso Allery Di Maria, Marquis of Monterosato, deposited in the Museo Civico di Zoologia, Roma",https://www.checklistbank.org/dataset/29178
294424,47960,Boudinot2024,block,wrong higher classification,ant genera placed under Amphientomidae (Psocodea),"Incertogaster Boudinot, 2024 [Animalia/Insecta/Psocodea/Amphientomidae] vs Boudinot, 2024 [Animalia/Insecta/Hymenoptera/Formicidae]; Eocamponotus Boudinot, 2024 [Animalia/Insecta/Psocodea/Amphientomidae] vs Boudinot, 2024 [Animalia/Insecta/Hymenoptera/Formicidae]",Plazi.org taxonomic treatments database,27,"Et latet et lucet: Discoveries from the Phyletisches Museum amber and copal collection in Jena, Germany",https://www.checklistbank.org/dataset/294424
100335,53578,BribiescaContreras2022,block,wrong higher classification,scalpellid barnacles placed under Aphroditidae (Polychaeta),"Trianguloscalpellum [Animalia/Polychaeta/Phyllodocida/Aphroditidae] vs Zevina, 1978 [Animalia/Thecostraca/Scalpellomorpha/Scalpellidae]; Catherinum [Animalia/Polychaeta/Phyllodocida/Aphroditidae] vs Zevina, 1978 [Animalia/Thecostraca/Scalpellomorpha/Scalpellidae]",Plazi.org taxonomic treatments database,53,"Benthic megafauna of the western Clarion-Clipperton Zone, Pacific Ocean",https://www.checklistbank.org/dataset/100335
21279,58131,ElHawagry2015,block,wrong higher classification,chironomid Paratrichocladius placed under Nymphalidae,"Paratrichocladius [Animalia/Insecta/Lepidoptera/Nymphalidae] vs Santo-Abreu, 1918 [Animalia/Insecta/Diptera/Chironomidae]",Plazi.org taxonomic treatments database,289,"Addenda to the insect fauna of Al-Baha Province, Kingdom of Saudi Arabia with zoogeographical notes",https://www.checklistbank.org/dataset/21279
294071,47874,Hryniewicz2019,block,wrong higher classification,bivalve Cyrtodaria placed under Pollicipedidae (barnacles),"Cyrtodaria Reuss, 1801 [Animalia/Thecostraca/Pollicipedomorpha/Pollicipedidae] vs Reuss, 1801 [Animalia/Bivalvia/Adapedonta/Hiatellidae]",Plazi.org taxonomic treatments database,106,"A late Paleocene fauna from shallow-water chemosynthesis-based ecosystems, Spitsbergen, Svalbard",https://www.checklistbank.org/dataset/294071
2798,3336,Jeanmonod2015,block,wrong higher classification,Allium placed under Pinaceae,Allium [Plantae/Pinopsida/Pinales/Pinaceae] vs ? [Plantae/Polypodiopsida/Ophioglossales/Ophioglossaceae],Plazi.org taxonomic treatments database,265,"Notes à la flore de Corse, XXV",https://www.checklistbank.org/dataset/2798
20638,9844,Jeanmonod2018,block,wrong higher classification,Lemna and Allium placed under Ophioglossaceae,Lemna [Plantae/Polypodiopsida/Ophioglossales/Ophioglossaceae] vs L. [Plantae/Liliopsida/Alismatales/Araceae]; Allium [Plantae/Polypodiopsida/Ophioglossales/Ophioglossaceae] vs L. [Plantae/Liliopsida/Asparagales/Amaryllidaceae],Plazi.org taxonomic treatments database,136,"Notes à la flore de Corse, XXVI",https://www.checklistbank.org/dataset/20638
40739,26968,Jordana2009,block,wrong higher classification,plant genus Ilex placed under Isotomidae (Collembola) (backend#1608),Ilex [Animalia/Collembola/Entomobryomorpha/Isotomidae] vs L.L. [Plantae/Magnoliopsida/Aquifoliales/Aquifoliaceae],Plazi.org taxonomic treatments database,5,"Redescription of Isotominella geophila Delamare Deboutteville, 1948 from Algeria (Collembola, Entomobryomorpha, Isotomidae), a second world record for an Ivory Coast species",https://www.checklistbank.org/dataset/40739
44634,30754,Júnior2012,block,wrong higher classification,hydromedusae placed under Salpidae (Thaliacea),"Eutima [Animalia/Thaliacea/Salpida/Salpidae] vs McCrady, 1859 [Animalia/Hydrozoa/Leptothecata/Eirenidae]; Cnidostoma [Animalia/Thaliacea/Salpida/Salpidae] vs Vanhöffen, 1911 [Animalia/Hydrozoa/Anthoathecata/Hydractiniidae]; Paulinum [Animalia/Thaliacea/Salpida/Salpidae] vs Brinckmann-Voss & Arai, 1998 [Animalia/Hydrozoa/Anthoathecata]",Plazi.org taxonomic treatments database,16,"Gelatinous zooplankton fauna (Cnidaria, Ctenophora and Thaliacea) from Baía da Babitonga (southern Brazil)",https://www.checklistbank.org/dataset/44634
299406,49364,Kakkonen2018,block,wrong higher classification,"marine non-native species placed under Insecta and Phaeophyceae instead of Bryozoa, Amphipoda, Polychaeta, Gastropoda","Schizoporella [Animalia/Insecta] vs Hincks, 1877 [Animalia/Gymnolaemata/Cheilostomatida/Schizoporellidae]; Crassicorophium [Chromista/Phaeophyceae] vs Bousfield & Hoover, 1997 [Animalia/Malacostraca/Amphipoda/Corophiidae]; Ctenodrilus [Chromista/Phaeophyceae] vs Claparède, 1863 [Animalia/Polychaeta/Cirratulidae]",Plazi.org taxonomic treatments database,55,The value of regular monitoring and diverse sampling techniques to assess aquatic non-native species: a case study from Orkney,https://www.checklistbank.org/dataset/299406
305176,59157,Lee2024,block,wrong higher classification,planthoppers (Delphacidae) placed under the dolphin family Delphinidae,"Tropidocephala [Animalia/Mammalia/Cetacea/Delphinidae] vs Stål, 1853 [Animalia/Insecta/Hemiptera/Delphacidae]; Epeurysa [Animalia/Mammalia/Cetacea/Delphinidae] vs Matsumura, 1900 [Animalia/Insecta/Hemiptera/Delphacidae]",Biodiversity Data Journal,16,"First record of Epeurysa distincta Huang & Ding (Hemiptera, Delphacidae, Delphacinae) from South Korea, with an illustrated key to the Korean Tropidocephalini species",https://www.checklistbank.org/dataset/305176
305165,56643,Lutaenko2017,block,wrong higher classification,gastropod Rapana placed under Myidae (Bivalvia),"Rapana [Animalia/Bivalvia/Myidae] vs Schumacher, 1817 [Animalia/Gastropoda/Neogastropoda/Muricidae]",Plazi.org taxonomic treatments database,53,"Mollusks from the shell-midden of the Telyakovskogo 2 site in southern Primorye (Yankovskaya culture), their paleoecology and role in paleoeconomy",https://www.checklistbank.org/dataset/305165
315862,67177,MinisterioParaLaTransiciónEcológicaYElRetoDemográfico2023,block,wrong higher classification,plant Cynomorium placed under Aves; grey literature environmental impact assessment,Cynomorium [Animalia/Aves] vs L. [Plantae/Magnoliopsida/Saxifragales/Cynomoriaceae],Plazi.org taxonomic treatments database,73,"Resolución de 27 de diciembre de 2022, de la Dirección General de Calidad y Evaluación Ambiental, por la que se formula la declaración de impacto ambiental del proyecto « Planta Solar Fotovoltaica Gran Fregacedos de 133 MWp y de las infraestructuras de evacuación Set Premier Fregacedos 30 / 220 kV y SE Camino Fregacedos 220 kV en los términos municipales de Bórox, Añover de Tajo, Alameda de La Sagra, Esquivias y Yeles (Toledo), y Torrejón de Velasco, Torrejón de La Calzada, Cubas de La Sagra, Griñón, Humanes de Madrid y Fuenlabrada (Madrid) »",https://www.checklistbank.org/dataset/315862
23381,12058,Ortega2019,block,wrong higher classification,bivalve Pristigloma placed under Gastropoda,"Pristigloma Dall, 1900 [Animalia/Gastropoda/Colpodaspididae] vs Dall, 1900 [Animalia/Bivalvia/Nuculanida/Pristiglomidae]",Zoosystema,157,The unknown bathyal of the Canaries: new species and new records of deep-sea Mollusca,https://www.checklistbank.org/dataset/23381
21211,10314,Prokop2016,block,wrong higher classification,tortricid Age placed under Aeshnidae,"Age Diakonoff, 1982 [Animalia/Insecta/Odonata/Aeshnidae] vs Diakonoff, 1982 [Animalia/Insecta/Lepidoptera/Tortricidae]",Plazi.org taxonomic treatments database,11,"New Cenozoic dragonflies from the Most Basin and Středohoří Complex volcanic area (Czech Republic, Germany)",https://www.checklistbank.org/dataset/21211
35986,22547,Robinson2011,block,wrong higher classification,plant genus Fleischmannia placed under Colubridae (snakes),Fleischmannia [Animalia/Reptilia/Squamata/Colubridae] vs Sch.Bip. [Plantae/Magnoliopsida/Asterales/Asteraceae],Plazi.org taxonomic treatments database,7,"A New Species of Fleischmannia (Asteraceae, Eupatorieae) from El Salvador",https://www.checklistbank.org/dataset/35986
4394,4712,T2008,block,wrong higher classification,braconid Trachionus placed under Diptera,"Trachionus [Animalia/Insecta/Diptera] vs Haliday, 1833 [Animalia/Insecta/Hymenoptera/Braconidae]",Plazi.org taxonomic treatments database,3,(N 1816) The first record of Trachionus mandibularis EES (Hymenoptera: Alysiinae) Braconidae: in Turkey,https://www.checklistbank.org/dataset/4394
51689,37568,User2015,block,wrong higher classification,testate amoeba Porosia placed under Araceae,"Porosia [Plantae/Liliopsida/Alismatales/Araceae] vs Jung, 1942 [Animalia]",Plazi.org taxonomic treatments database,7,"A New Species from Mountain Forest Soils in Japan: Porosia paracarinata sp. nov., and Taxonomic Concept of the Genus Porosia Jung, 1942",https://www.checklistbank.org/dataset/51689
33206,20247,Zeidler2017,block,wrong higher classification,amphipod Eusceliotes placed under Insecta,"Eusceliotes Stebbing, 1888 [Animalia/Insecta] vs Stebbing, 1888 [Animalia/Malacostraca/Amphipoda/Parascelidae]",Plazi.org taxonomic treatments database,3,"Validation of the replacement name Eusceliotes Stebbing, 1888 for the pelagic hyperiidean amphipod genus Euscelus Claus, 1879 (Crustacea: Amphipoda: Hyperiidea: Parascelidae), preoccupied by Euscelus Schoenherr, 1833 (Insecta: Coleoptera: Attelabidae)",https://www.checklistbank.org/dataset/33206
264537,44527,Zhang2021,block,wrong higher classification,Escherichia placed under Santalaceae,"Escherichia [Plantae/Magnoliopsida/Santalales/Santalaceae] vs Castellani & Chalmers, 1919 (Approved Lists 1980) [Pseudomonadati/Gammaproteobacteria/Enterobacterales/Enterobacteriaceae]",Plazi.org taxonomic treatments database,5,Functional characterization of an Indian sandalwood (Santalum album L.) dual-localized bifunctional nerolidol / linalool synthase gene involved in stress response,https://www.checklistbank.org/dataset/264537
37506,57478,Bernard1953,review,digitisation error,"unknown ant genus Anelus, probably a misspelling","Anelus [Animalia/Insecta/Hymenoptera/Formicidae] vs Cook, 1911 [Animalia/Diplopoda/Allopocockiidae]",Plazi.org taxonomic treatments database,277,La reserve naturelle integrale du Mt Nimba. XI. Hymenopteres Formicidae.,https://www.checklistbank.org/dataset/37506
305538,56938,García2024,review,digitisation error,section Mauritanica of Thesium treated as a genus,"Mauritanica [Plantae/Magnoliopsida/Santalales/Thesiaceae] vs O. Boettger, 1879 [Animalia/Gastropoda]",Plazi.org taxonomic treatments database,206,"A tough nutlet to crack: Resolving the phylogeny of Thesium (Thesiaceae), the largest genus in Santalales",https://www.checklistbank.org/dataset/305538
31367,57434,Gibbs2017,review,digitisation error,misspelt Callopsis (Calliopsis) used as genus,Callopsis [Animalia/Insecta/Hymenoptera/Andrenidae] vs Engl. [Plantae/Liliopsida/Alismatales/Araceae],Plazi.org taxonomic treatments database,734,"The bees of Michigan (Hymenoptera: Apoidea: Anthophila), with notes on distribution, taxonomy, pollination, and natural history",https://www.checklistbank.org/dataset/31367
46049,32125,Tan2014,review,digitisation error,subgenus Gyrostoma (Polistes) treated as a genus,"Gyrostoma [Animalia/Insecta/Hymenoptera/Vespidae] vs Kwietniewski, 1897 [Animalia/Anthozoa/Actiniaria/Actiniidae]",Plazi.org taxonomic treatments database,39,"An illustrated key to the species of subgenus Gyrostoma Kirby, 1828 (Hymenoptera, Vespidae, Polistinae) from China, with discovery of Polistes (Gyrostoma) tenuispunctia Kim, 2001",https://www.checklistbank.org/dataset/46049
39027,57483,DeMoraes2016,review,unclear,"Emeus in Melicharidae, homonym of a nemertean genus","Emeus [Animalia/Arachnida/Mesostigmata/Melicharidae] vs Reichenbach, 1852 [Animalia/Hoplonemertea/Monostilifera/Prostomatidae]",Plazi.org taxonomic treatments database,2197,"Catalogue of the mite families Ascidae Voigts & Oudemans, Blattisociidae Garman and Melicharidae Hirschmann (Acari: Mesostigmata)",https://www.checklistbank.org/dataset/39027
54236,39322,Huang2023,review,unclear,"Chelura in Zygaenidae, homonym of an amphipod genus; unclear whether it is an error","Chelura [Animalia/Insecta/Lepidoptera/Zygaenidae] vs Philippi, 1839 [Animalia/Malacostraca/Amphipoda/Cheluridae]",Plazi.org taxonomic treatments database,27,"A review of the genus Agalope Walker (Lepidoptera, Zygaenidae, Chalcosiinae) with taxonomic notes and descriptions of three new genera and three new species",https://www.checklistbank.org/dataset/54236
296611,48498,Matov2022,review,unclear,"Oligonyx in Noctuidae, homonym of a mantid genus","Oligonyx [Animalia/Insecta/Lepidoptera/Noctuidae] vs Saussure, 1869 [Animalia/Insecta/Mantodea/Thespidae]",Plazi.org taxonomic treatments database,76,"Amphipyra tripartita Butler, 1878 - new species for the fauna of Russia and other Noctuidae (Insecta, Lepidoptera), found in Gamov peninsula in September 2022",https://www.checklistbank.org/dataset/296611
6100,6151,Onody2021,review,unclear,"Allocota Brèthes in Ichneumonidae, homonym of a carabid genus","Allocota [Animalia/Insecta/Hymenoptera/Ichneumonidae] vs Motschulsky, 1860 [Animalia/Insecta/Coleoptera/Carabidae]",Plazi.org taxonomic treatments database,53,"Type specimens of Ichneumonidae (Hymenoptera) described by Brèthes held in the Museo Argentino de Ciencias Naturales “ Bernardino Rivadavia ”, Argentina",https://www.checklistbank.org/dataset/6100
295839,48334,Aydin2022,keep,false positive,article is correct; conflicting homonym sits under Animalia from another source,"Chelonemonas Heiss, Lee, Ishida & Simpson, 2015 [Protozoa/Thecomonadea/Apusomonadida] vs Heiss, Lee, Ishida & Simpson, 2015 [Animalia]",Plazi.org taxonomic treatments database,30,Free-living Heterotrophic Flagellates Lakes in Turkey (Protista) from Two Hypersaline,https://www.checklistbank.org/dataset/295839
8714,8436,Bobrov2021,keep,false positive,article is correct; conflicting homonym sits under Animalia from another source,"Meisterfeldia [Protozoa/Tubulinea/Arcellinida/Cryptodifflugiidae] vs Bobrov, 2016 [Animalia]",Plazi.org taxonomic treatments database,5,Meisterfeldia bitsevi-new testate amoeba of the family Cryptodifflugiidae Jung 1942 (Amoebozoa: Arcellinida) from the tree hollow in the urban park (Moscow Russia) with a key to species of the genus Meisterfeldia,https://www.checklistbank.org/dataset/8714
286841,46544,Dumitrica2019,keep,false positive,article is correct; conflicting homonym sits under Animalia without class from another source,"Excentrococcus Dumitrica, 1978 [Chromista/Polycystina/Spumellaria] vs Dumitrica, 1978 [Animalia]; Excentrodiscus Hollande & Enjumet, 1960 [Chromista/Polycystina/Spumellaria] vs Hollande & Enjumet, 1960 [Animalia]; Trimanicula Dumitrica, 1991 [Chromista/Polycystina/Spumellaria] vs Dumitrica, 1991 [Animalia]",Plazi.org taxonomic treatments database,36,Cenozoic Spumellarian Radiolaria With Eccentric Microsphere,https://www.checklistbank.org/dataset/286841
21387,50797,Grazia2010,keep,false positive,Discocephala is a pentatomid; the conflicting copy under Asilidae is the wrong one,"Discocephala [Animalia/Insecta/Hemiptera/Pentatomidae] vs Laporte, 1832 [Animalia/Insecta/Diptera/Asilidae]",Plazi.org taxonomic treatments database,173,Neotropical Pentatomidae (Insecta: Hemiptera: Heteroptera) of the collection of Massimiliano Spinola preserved in the “ Museo Regionale de Scienze Naturali ” ̡ Turin ̡ Italy,https://www.checklistbank.org/dataset/21387
6418,6438,Kochhann2013,keep,false positive,article is correct; conflicting radiolarian homonyms sit under Animalia from another source,"Mita [Chromista/Polycystina/Nassellaria/Archaeodictyomitridae] vs Pessagno, 1977 [Animalia]; Tholodiscus Petrushevskaya & Kozlova, 1972 [Chromista/Polycystina/Nassellaria/Carpocaniidae] vs Petrushevskaya & Kozlova, 1972 [Animalia]; Botryometra [Chromista/Polycystina/Nassellaria/Archaeodictyomitridae] vs Petrushevskaya, 1975 [Animalia]",Geodiversitas,32,"Late Maastrichtian Radiolaria from ODP Leg 165 - Site 999 B, Colombian Basin",https://www.checklistbank.org/dataset/6418
2887,3413,Shɨshkin2021,keep,false positive,article is correct; conflicting homonym sits under Animalia from another source,"Orodruina Shɨshkin, 2021 [Protozoa/Schizopyrenida/Orodruinidae] vs Shɨshkin, 2021 [Animalia]",Plazi.org taxonomic treatments database,3,"Orodruina nom. n. (gen.) and Orodruinidae nom. n. (fam.) pro Gruberella Page 1983 non Corliss 1960 and Gruberellidae Page & Blanton 1985 (Discoba = Eozoa: Discicristata, Heterolobosea = Percolozoa, incertae sedis), with Orodruina flavescens comb. n. for Gruberella flavescens Page 1983",https://www.checklistbank.org/dataset/2887
33862,20791,Stehlik2011,keep,false positive,Sericocoris is a pyrrhocorid; the conflicting copy under Scarabaeidae is the wrong one,"Sericocoris [Animalia/Insecta/Hemiptera/Pyrrhocoridae] vs Karsch, 1892 [Animalia/Insecta/Coleoptera/Scarabaeidae]",Plazi.org taxonomic treatments database,11,"Schaeferiana (Gaboniella subgen. n.) incompleta sp. n. from Gabon, with notes on its relationships and new records from the Central African Republic (Hemiptera, Heteroptera, Pyrrhocoridae)",https://www.checklistbank.org/dataset/33862
315959,67258,CBenedi2019,keep,legit homonym,Asteraceae genus Maurus,"Maurus [Plantae/Magnoliopsida/Asterales/Asteraceae] vs Bálint, 1991 [Animalia/Insecta/Lepidoptera/Lycaenidae]",Plazi.org taxonomic treatments database,1160,Flora Iberica / Vol. XVI (III): Compositae (partim),https://www.checklistbank.org/dataset/315959
224103,57747,Friis2022,keep,legit homonym,"fossil angiosperm genera (Anacostia, Kempia) are genuine homonyms of insect genera","Anacostia [Plantae/Magnoliopsida/Piperales/Aristolochiaceae] vs Shaffer, 1968 [Animalia/Insecta/Lepidoptera/Pyralidae]; Kempia [Plantae/Magnoliopsida/Piperales/Aristolochiaceae] vs Sukatcheva, 2018 [Animalia/Insecta/Trichoptera/Philopotamidae]",Plazi.org taxonomic treatments database,61,"The Early Cretaceous Mesofossil Flora Of Catefica, Portugal: Angiosperms",https://www.checklistbank.org/dataset/224103
23428,12095,Gadallah2020,keep,legit homonym,pompilid Xenoporus,"Xenoporus [Animalia/Insecta/Hymenoptera/Pompilidae] vs Loomis, 1961 [Animalia/Diplopoda/Pyrgodesmidae]",Plazi.org taxonomic treatments database,164,"Biodiversity of the aculeate wasps (Hymenoptera: Aculeata) of the Arabian Peninsula: Vespoidea, Pompilidae",https://www.checklistbank.org/dataset/23428
5246,58042,Jackson2021,keep,legit homonym,mammal genus correctly placed; homonym is a weevil,"Georynchus [Animalia/Mammalia/Rodentia/Bathyergidae] vs Roelofs, 1866 [Animalia/Insecta/Coleoptera/Curculionidae]",Zoosystema,322,Mammals collected and illustrated by the Baudin Expedition to Australia and Timor (1800 - 1804): A review of the current taxonomy of specimens in the Muséum national d’Histoire naturelle de Paris and the illustrations in the Muséum d’Histoire naturelle du Havre,https://www.checklistbank.org/dataset/5246
278550,45570,Mašán2023,keep,legit homonym,"Hyattella sensu Krantz (mite) vs sponge genus; nomenclatural issue, not placement","Hyattella Lendenfeld, 1888 [Animalia/Arachnida/Mesostigmata] vs Lendenfeld, 1888 [Animalia/Demospongiae/Dictyoceratida/Spongiidae]",Plazi.org taxonomic treatments database,11,"On some blattisociid mites (Acari: Mesostigmata: Lasioseius, Cheiroseius) from Slovakia, with notes on the genus Hyattella sensu Krantz, 1962",https://www.checklistbank.org/dataset/278550
311230,62512,MoraAguilar2023,keep,legit homonym,erotylid Camptocarpus,Camptocarpus [Animalia/Insecta/Coleoptera/Erotylidae] vs Decne. [Plantae/Magnoliopsida/Gentianales/Apocynaceae],Plazi.org taxonomic treatments database,18,"A New Mexican Species of Acropteroxys Gorham, with New Mexican State Records and a Checklist of the Mexican Languriini (Coleoptera: Erotylidae)",https://www.checklistbank.org/dataset/311230
309091,60073,Müller1885,keep,legit homonym,"historical reptile genus Grammatophora, homonym of a diatom",Grammatophora [Animalia/Amphibia] vs Ehrenberg [Chromista/Bacillariophyceae/Striatellales/Striatellaceae],Plazi.org taxonomic treatments database,429,Vierter Nachtrag zum Katalogder herpetologischen Sammlung des Basler Museums,https://www.checklistbank.org/dataset/309091
21797,57364,Notton2014,keep,legit homonym,diapriid Bakeria Dodd,"Bakeria [Animalia/Insecta/Hymenoptera/Diapriidae] vs Moravec & Sey, 1986 [Animalia/Chromadorea/Rhabditida/Molineidae]",European Journal of Taxonomy,464,"A catalogue of the types of Diapriinae (Hymenoptera, Diapriidae) at the Natural History Museum, London",https://www.checklistbank.org/dataset/21797
27492,15466,Scarabino2019,keep,legit homonym,"pycnogonid Atlantis Child, 1982","Atlantis [Animalia/Pycnogonida/Pantopoda/Ascorhynchidae] vs Wollaston, T.V., 1854 [Animalia/Insecta/Coleoptera/Curculionidae]",Plazi.org taxonomic treatments database,48,Pycnogonida (Arthropoda) from Uruguayan waters (Southwest Atlantic): annotated checklist and biogeographic considerations,https://www.checklistbank.org/dataset/27492
92001,53569,Yoo1994,keep,legit homonym,bellerophontid placement Gastropoda vs Monoplacophora is a taxonomic opinion,"Sinuitina Knight, 1945 [Animalia/Gastropoda/Sinuitidae] vs Knight, 1945 [Animalia/Monoplacophora/Sinuitopsida/Sinuitinidae]",Plazi.org taxonomic treatments database,152,"Early Carboniferous Gastropoda from the Tamworth Belt, New South Wales, Australia",https://www.checklistbank.org/dataset/92001
